x1,x2,x3,x4,x5,x6,y
-1.0,-0.36969455188145817,0.7055312044752547,-1.0,0.42999918309662455,0.8249497722027935,-2.065497609595923
0.11064410155421169,-0.38570961077100685,0.07920568622330809,-0.5355765236487273,-1.0,-1.0,3.1994361257820993
-0.27552653656624115,-0.9373522487101987,-0.16061361321363699,-0.7371051135398919,0.14554857922642062,-0.14775509988969054,0.13539373381076802
1.0,1.0,1.0,0.3551880550333284,1.0,-0.14806190361832658,-5.504406268733277
-0.5651416105636731,0.050971148793700904,0.2521050111654073,-0.8805109362164412,0.8148140196868554,1.0,3.67552914237383
1.0,1.0,0.9254686148142766,1.0,-0.5260611777293708,-0.7458939183139168,4.456278455611065
0.9335383562923281,0.08997260704759014,-1.0,0.7681189766180334,0.44060292895209124,-1.0,-0.5262641973955406
-1.0,-0.5271190311923342,-0.09343717976787391,-0.7664220532894214,-0.875481783656482,-0.1492844915824773,-0.39520139112444175
-0.4753649052188824,-0.7923792571044934,-1.0,-1.0,-0.5103661316134969,-0.7401139405342485,0.7066965959416559
-0.5099124193067193,-0.7619783400311481,0.14913808383946614,-0.5377318094940335,1.0,-0.5852910522851262,3.70264710607697
-0.4603873660992299,-0.8906631281961902,-0.7507664239232694,0.9355338982954443,0.3631294272185165,0.569335609311428,-1.1813198431677803
-0.09022206741603322,0.1410491760799606,-1.0,-1.0,0.5249699317607666,1.0,6.134921663391753
-0.020493926976480337,0.7571991149258138,0.6919113889259212,0.6006586336140295,-1.0,0.24573332575479967,-0.8204861720166293
-0.38967141817426043,-0.6128432207075991,-1.0,-0.8083961517349936,-1.0,-1.0,2.8025385795691076
0.504407944297376,-0.8659935931137994,-0.14159845565565118,-0.4585479410758443,-0.5536332210400617,-1.0,5.5413973394213745
-1.0,-1.0,-1.0,0.008887163016433552,-0.4522225803128431,-1.0,1.914492662584891
-1.0,-1.0,0.6414470244988021,-0.02995474171739204,-1.0,0.21814087369211466,-1.6873151670516635
0.5742179445583162,1.0,-0.3482825465393959,0.4115047030991324,1.0,1.0,4.534436061161007
-1.0,-0.4890691699470611,-1.0,-0.33736350458851905,-0.008731496412801465,1.0,4.932263071202777
-0.18007754706133616,0.44541168628022954,-0.03536947908161614,-0.5002150696185113,-0.12305396406838165,1.0,3.2091264064412024
0.47792936856346896,-0.40425403569995744,-1.0,0.2775762291619418,-0.7734484672481782,-0.2904910071564011,1.2920927011145684
-0.17316201166006673,-1.0,-1.0,-0.3177982107786801,-0.8612555376841788,-1.0,1.5721130601309055
0.6564314143533664,0.944601394769524,0.5679660893367258,0.5734354619881118,0.4660434974917298,0.06482934061591217,-2.343984739653194
-0.501105522733484,-0.9727349472150191,-1.0,-1.0,0.04876022465997776,-1.0,3.9650121930413595
-0.3519581552455451,-0.22581091447062995,-0.3021779390409841,0.9738328375376782,-1.0,1.0,4.09664633181838
-1.0,-0.8802837466807595,-0.5634568448137642,-0.2330874535666378,-0.38144876204997324,0.09340097013078763,-2.312682932180347
1.0,-0.010336536473644575,0.50899678348172,-0.4448421406176031,-0.5723013688706392,1.0,5.063876600321915
0.7206481340216372,0.568874292521316,0.22582429771485152,0.16084052744555438,-0.13030072153595962,-0.3739873344514293,0.1590714179883601
-1.0,0.580632847284417,-1.0,-0.3246001953735028,0.6338764552946119,0.08929215507350069,0.6184782240054114
-1.0,-0.5121956779203706,-1.0,-0.9969615392059958,-0.2660683998307239,-0.8864403630086141,2.5162397797179947
-0.36554192459153506,0.6117000329352982,0.305190721843565,1.0,0.6607533256419187,-0.21150615784763394,0.2208838351572014
1.0,1.0,-0.8103937790775504,1.0,-0.6513291254388435,-1.0,10.000016754567065
-0.8543867767513025,-1.0,0.1612708532757985,-0.8236757867392314,-1.0,-0.4217963922496202,4.019015763344813
1.0,-0.24473789164945314,-0.001639280447671032,-0.26997030475306083,0.0007400700075359534,-1.0,5.387939574360008
0.9041739443231526,-0.024312729813571243,0.4589631917598948,1.0,-0.7571858587779579,-0.5538952578060956,3.8577580787758814
0.536548981551662,0.1326252883287129,0.6593503725131904,0.20381345864912115,0.941081847019728,-1.0,0.6855764621427713
-0.8234909921198126,1.0,0.2084173486025236,-0.20826805469495513,0.6953667634897907,-0.5407134821337954,1.6224158155797768
-1.0,0.7776682779187657,0.1542930865884682,-1.0,-0.3456178699619359,-0.9779208955497263,-1.5944565381821918
0.08043339939060709,-0.8100486440988943,0.4602152170876781,-1.0,-0.46537992605456574,0.6565012940770999,1.8727713332416323
0.5738790630986876,-1.0,-0.01684674380557305,-0.1418161154891585,-0.1815294605544142,-0.19422752389798692,0.8611778239640955
1.0,-0.012788022820812331,-0.7513369545796995,-0.13425256056721135,-0.439774434316732,0.6485651758764432,3.320394260482723
-0.14083691671186394,0.29078300285262704,0.7546444363795692,0.8743324911878145,-0.6526161871426953,0.5488615642121506,-1.7304472142519367
1.0,1.0,1.0,0.6804694156327269,-1.0,-0.15547792502989422,4.0873412366533275
-0.18203670838258068,-0.4267001580457882,-1.0,-0.45670571298158313,-1.0,-0.626884754477959,-0.3718005510911749
0.5616061857565824,1.0,0.11565628757581714,1.0,1.0,1.0,2.5102864695413003
-0.2997967956063271,0.9360811797407566,0.09768632428034507,0.380318954682501,-1.0,-1.0,-0.08433811889927423
-0.5235519809561608,-0.01097154036899406,-1.0,-1.0,0.051602668562024556,-0.29881526622634613,-2.3309342736339262
-0.5945761601005287,-1.0,-0.3024619557028492,-0.9263034115737672,-0.09416548728173901,0.7551036424702612,-1.7618132017057797
0.7100156579226358,0.4617077774661018,1.0,0.40971667833415215,-1.0,-1.0,3.25472034362274
-1.0,-1.0,-0.017945278839983425,-0.8446618927435838,-0.2842290557016883,0.0012825594721050937,-0.6299336602854028
-0.4546053981978345,-0.5417183113288797,-0.4732015433652833,-1.0,-1.0,-1.0,3.71462722705973
-0.4375828127560609,0.12979734054950343,-0.008414353160449473,0.11271549735783609,-1.0,-1.0,0.09826821539434766
-1.0,-0.0211014075413134,0.5203201094458527,0.49958750588681045,0.004730629015709864,0.3149874027451369,-1.1599076617885715
1.0,0.1371572927853858,-0.23814371470324502,-1.0,0.41510390984662093,0.22580808826850907,-0.9635603552416102
0.428812005227458,0.963866025150776,0.9237140072312395,1.0,1.0,0.03812289595085616,-5.894558055507446
-1.0,-0.6936283481326657,-0.43995577980266265,-0.14699829992395674,1.0,0.5450204194831975,1.9637899382583837
0.40191237511404176,0.03410296453396988,0.21737261402118624,0.013891038342820461,0.5856537103979796,0.48296713671722724,0.19018679642841585
0.09987883348010451,-0.5942782888171633,-1.0,-0.336062047387272,-1.0,0.09159925585831658,0.39017171673743145
-0.40766332663054194,0.18163013256303637,1.0,-1.0,1.0,1.0,0.4133121594739323
-0.04782373146749297,0.6156377957317656,-0.28559516265989016,0.74669507238552,1.0,0.936851664231753,4.323445185664201
-0.7245989697426479,0.7389871969067712,-0.10203330085117374,-0.22965888675537216,0.21014538427770674,1.0,4.682365573201196
0.29419352465058535,1.0,1.0,1.0,0.1426976746044697,-1.0,-0.9003264388940797
1.0,1.0,1.0,1.0,-0.6036916686789724,-0.584039117386685,3.8081972009736114
-0.9663475351808413,-1.0,-0.9813766451727152,0.017254594248869104,-0.48845730928193487,-1.0,2.5421553549103075
-1.0,-1.0,-1.0,-1.0,-0.8448122875835464,0.10008465147912457,-4.207752532539945
-0.4886231143346708,1.0,1.0,-0.4649469956808755,-0.004936851810899645,-1.0,-2.2247474836422567
-0.0009339102588988013,0.43548541808186014,-0.8781533643259432,-0.7967369595520866,-0.3783317946924907,-0.4061221855493239,-0.7166335065237888
0.738109057720969,1.0,1.0,0.787896113858374,-0.3035242278455219,-0.18728686125935062,-1.6263823726469044
0.5445822035849583,-0.028423237113618938,-0.7820784982338166,-1.0,0.23715296371749717,-0.06556148894563024,-0.709327399489788
-0.8334541677104745,-0.257566096701475,-0.10974348673718715,-0.9913530078406356,-1.0,-0.9119099376624374,1.1892915423375712
1.0,1.0,1.0,0.4623670472071525,1.0,0.7682256285057553,-7.888739858336471
0.1465803777413243,0.5070878720913059,-0.7105697101475985,-0.7652958253415173,-0.5482294918456614,0.41349765237669955,1.4627483909147503
-0.4101469065386798,-0.8536963610539012,-0.6528606208192708,-0.7204443565739462,1.0,-0.46922658082751,0.2508711285789218
-0.09196489349674031,0.6479091333985983,1.0,1.0,0.17645234217276218,0.34892724803119635,-2.127754753312751
-0.8292389976987258,-0.03693279252450219,1.0,-0.07875012412165416,0.2546228401494499,1.0,-2.4421583137390503
-1.0,-1.0,-0.7290130371479643,0.2054618440446151,0.35679016165127614,0.1795174553568904,-2.4421926673101546
0.34839383911701105,0.019656130565755436,0.719148570393519,0.40043199602105317,-0.6258929525030893,0.4817212633142517,0.41129284334101696
1.0,0.0852648691993578,-0.156158189341692,0.8044776621255321,-0.3482572769672771,0.019298191490031077,1.340256435055361
-0.3048017210883187,0.0024682843936092436,-0.7842104710549882,0.008564400965390788,1.0,0.7005535066945816,3.1628931434841605
-1.0,-0.11447243039732213,-0.09537776711311019,-0.31282423695953065,0.2576606539232944,-0.5259938505618336,1.439453289572782
1.0,0.9675706927073175,-0.04256493894216447,-0.6443568540117282,-1.0,-0.6337664477353275,6.935341108536164
-0.1520821156745975,-0.6892184777362846,-1.0,-1.0,0.2688031300212632,1.0,2.1342765161848
0.46117041857982355,1.0,0.35778775311270544,0.02907799483379203,0.2491277372883589,0.38143625036373696,0.4482837623298128
1.0,0.07563098533582946,0.6587244573748785,1.0,-1.0,-1.0,9.717906532776581
-1.0,-0.36173275591052323,-0.8113745916956988,-0.20657834087363855,0.8338340013456336,0.4082812618884888,1.0542757696776568
-0.8036107097301476,-0.21420985587754626,-0.9790973254990829,0.7721609539169862,1.0,1.0,9.411976861702229
1.0,1.0,0.6081877545393435,1.0,1.0,0.9454598191210322,-4.79220677846687
-1.0,-0.03065060812642706,-0.8410095857523416,-0.9621168268279874,-0.3612378762280651,1.0,4.203299030493051
-0.8803714591301087,-0.6345812058986677,-0.7709303376558367,-0.8392027076956665,-0.19683408483982878,-0.9697185759501893,3.0888158353971598
0.22136292349267972,1.0,1.0,0.71403172134226,0.9556416096794094,1.0,-4.561417926957569
-0.17223826746223736,-0.4201754730620342,0.2785517570778733,0.19186937980391466,1.0,0.8224867827219643,1.43803070238042
-0.38528486492854497,-0.17348622660731805,-1.0,-0.4677207803016239,1.0,1.0,8.183727486040112
-1.0,-0.713389303641645,-0.1580904203376019,0.38757393158769293,-1.0,-1.0,-0.6526421831032652
-1.0,-0.2841503169703661,-1.0,0.3721799263005466,1.0,0.7537734876529278,3.7897436558908844
0.77347801477934,0.1653612377300534,0.32285260599296106,-0.38478175660829245,1.0,0.1587906735077324,-2.5961796242148667
-0.20484645470013807,-1.0,0.11247318203388967,-1.0,-0.405190375516465,-0.032045838292586115,1.726031735986095
-1.0,-0.7549905793713346,-0.5346717538821433,-0.04849640064550553,-0.8364378202672358,-0.8312771336739149,-0.5339326640989353
-0.4414896290151749,-0.24378204271725717,0.02778928464312591,-0.03134468973942192,0.605324138290231,0.7475664441170422,1.1023578135081937
-1.0,-1.0,-0.02422135351049226,-1.0,1.0,-0.29152134045106537,3.6968210564649384
1.0,1.0,0.8748125119293257,-0.05794815789846269,1.0,0.027580379495863117,-4.019457776032302
0.18049524400748018,-0.43949100881433867,-1.0,0.41143441937163644,-0.011957751443105513,0.17455929660231337,-0.47305508651325806
-0.5935510226023852,-0.6507380580439204,-0.462330269195783,-0.9425492892879899,-1.0,-1.0,3.9568989702553083
-0.9835920990947784,-0.09559438645277862,0.535713922226862,-1.0,0.5632155779898866,0.27641106125547227,0.8511983903086341
0.09786164508433426,-0.22998628287873113,0.3294178590475307,0.23918639810589643,0.5705069370262521,1.0,1.6298817251065008
-0.4189141671355241,-0.39879975211382945,1.0,0.260198298310408,0.06717708661173605,0.31099086786188346,-0.5509911545415397
0.37372885367062914,1.0,0.6124580330433427,1.0,0.3387331622379217,1.0,-1.0267041783697772
-0.32951222620441944,0.3290548389566128,-1.0,0.8092327506635144,-1.0,-1.0,2.3590897644343003
1.0,0.550312805756094,-1.0,0.8044592296876429,-0.04422489348696147,1.0,3.0153493696138067
1.0,1.0,1.0,-0.3326200268361839,-1.0,-0.5963394728712579,2.8128363162576604
1.0,0.0036754831754570727,0.27877385346733374,1.0,0.8068558852363982,-1.0,0.9771963778155073
1.0,0.04917342133230629,1.0,0.8649390565250147,0.5816366252994455,-1.0,-0.979969860539947
1.0,1.0,0.10889318400107528,1.0,-0.7237043904453614,-1.0,10.358265488978164
0.11959993238313815,-0.43904674279939515,0.48167292725225225,0.10341114152830871,-1.0,-0.2594233548912688,0.7395865865202041
-0.14943176728826335,-0.6649300009580863,-1.0,-0.052223600937155445,1.0,0.649185199939681,1.9557006012909701
-1.0,-0.6999304843768023,-1.0,-0.8743017882105373,-0.2060750586041633,-0.026933155683686483,-3.9873189905035433
1.0,0.8494892678975501,0.28712254620687033,0.43047034728960376,-0.06641892858231269,-0.9936529677054895,4.496984791070079
0.5086046862896672,0.4866984167603853,0.184735954269159,0.9577067242635948,0.2553696558141352,-0.8575979630671244,1.9220363615759708
1.0,0.38485716951567994,-0.012515867171350004,-0.6973911658561669,-1.0,0.4767646704145241,4.348681803420791
0.324417795726819,-0.23751672935741097,-1.0,0.7814477640725386,-1.0,-0.12773282995459356,0.0696924075521998
1.0,0.6426228766003437,0.7799448886227085,1.0,-0.8019128839349237,-0.6818759374013414,5.243935866879861
1.0,0.3825311677128147,-0.25985049927754,-0.889950169070971,-0.4705577651391513,0.044936135172356395,1.7813568681537026
-0.5055819824900705,-0.1835870738486109,-0.6642070885366995,-1.0,-1.0,-0.3737100718825178,0.89080209369013
-1.0,-0.706964612131983,-1.0,-1.0,0.05519619408321197,-0.10907884683748553,-4.608367599259099
-0.7723292653881073,0.30840557926937817,-1.0,0.25543957763817793,-0.7242951652851533,-1.0,2.1610092413155004
0.5169962999319446,-1.0,-0.06985401176974482,-0.21333135351067223,-1.0,0.49112009038607135,1.6567302068371825
-0.905607721608159,-1.0,0.40297354221381826,-0.9647384465655939,0.5183024766740565,-0.7850412625255034,5.413219467886491
-0.12770905252859333,-1.0,-1.0,-0.8485801295907893,1.0,0.5276663602671419,-4.5337348877591905
-0.7087607763097807,-0.2714456300830488,-0.690192538126456,-0.7317446035731641,0.5249286800472192,-0.7506263105734092,2.1489702956719
-0.5144421759024886,0.6158102403816645,-0.7854659299261096,0.13043316887115708,-1.0,-0.3020519352363124,-1.5360229634586668
1.0,1.0,-0.5874444955280356,1.0,0.46573763702525317,-1.0,3.1008955314962012
1.0,1.0,0.4790610959906427,0.14093289006303045,-0.03088206685452277,0.30193828842560827,-1.6771864175320308
-0.7247657589894716,0.11623266184242909,0.3915255431618819,0.12352265275816632,-1.0,-1.0,-0.3879512700263381
-0.6805826760760953,-1.0,-1.0,-0.9813183064699036,-0.45724979098439544,0.4166416478403735,-4.592536995325592
0.6561124082686681,-1.0,1.0,-1.0,-1.0,-1.0,15.192398384583662
0.11749607675814022,1.0,-0.8401766044569942,-1.0,-0.03655284796901348,-0.714989394384022,-0.4215456639345858
0.4950190061687726,-0.16231756657443136,0.08749237118841219,0.24632742396300283,-1.0,-1.0,4.466890688693687
-0.7737533488147794,-1.0,-0.36184829803256,-0.28199289824515933,0.23385093645695343,1.0,0.31913392733862217
-1.0,-0.2858540787924626,0.2953713478311928,-1.0,0.15891621994984584,1.0,-1.3971533202144069
1.0,1.0,0.5482070775156462,0.24796992314423083,-0.3712844721426802,-0.6645555506465167,1.9638833856902604
1.0,1.0,0.37976763495015575,0.6815495148375592,0.3172477744085928,-0.1603221010091051,-1.509401230426205
0.07529673576924617,-0.0986444547072064,-0.9280000529634982,0.33368225389088163,1.0,0.446649351035179,1.0415436872634904
0.48237616230199054,0.939880953110539,0.3755333403788136,1.0,-1.0,-0.8542860611755771,6.073481621826917
0.6682931851949544,0.18157274657827283,0.7764396168978458,0.6348563640250505,-0.3018560795211881,1.0,0.8505441114917487
-0.5751853050034823,-0.6550835812993314,-0.47565950602419704,-1.0,-0.9653504932186439,-1.0,4.679378148730846
0.030609144412527933,0.295665145398492,-0.1424718437116217,0.9079853739298782,-1.0,1.0,4.336536238920371
-0.43121890915727,-1.0,-0.6844488755225385,-0.9549455910235849,-1.0,-1.0,5.21935917186253
0.12524616774229824,1.0,0.7959347376705996,0.11841005945273109,-0.8458341264916343,1.0,-0.16445602490845734
-0.36408043649614263,-0.7504906429976165,-0.6116440803928309,-0.9641786154992205,-1.0,-0.5136281557600478,2.2813242240298557
-0.5412987490999148,0.6554328158856231,-0.2915936651690125,1.0,0.9932251814475588,1.0,6.3915967253620005
-0.785689547206069,-1.0,-0.25015240084435825,-0.1875446020997188,-1.0,-0.9441902638564894,0.9877787844764763
0.8559915262731865,-0.12340844346605895,0.8628738450634144,1.0,1.0,0.737852663252387,-3.242067888489795
1.0,-0.2387908432246013,1.0,0.6849690484753331,0.5844009720677681,1.0,-4.634850486222479
1.0,1.0,1.0,1.0,-0.9239053216259815,-0.8913485972646014,7.255070911695433
-0.13486453803637954,-0.44922043197501615,-0.14934545334485105,-1.0,0.0027879006669808692,-0.13438047344070392,0.3353558870817991
-0.4106013385209789,-1.0,-1.0,-1.0,1.0,-0.3993331600839353,-4.476717879222132
-1.0,-1.0,-0.11665060999945975,-0.3211655318163458,-0.6831043175927147,-1.0,2.120235082313366
-1.0,-0.9129220568655039,-0.18947412498758287,-0.34370367805422286,0.8602665560033081,0.15390437286588726,1.8385043957902387
0.9099219468291633,0.0437303028658973,1.0,0.5380789397068972,-1.0,-0.8150003706434018,6.437860432477352
0.6028735031984185,1.0,-0.09456968723056991,-0.42653580745808284,0.687026895280884,-1.0,0.5068576016332514
-0.013290041124265961,1.0,1.0,0.16890005558979548,-0.010073355873058909,1.0,-3.5960609053983665
-0.2517738108086207,-0.002709606731995051,-0.47084219171963293,-1.0,0.5308251098272765,0.8296762778848732,3.2230187636825405
1.0,0.1304824362841961,0.27692907439604375,0.28128988446379766,-1.0,-0.20512991450429896,2.1813103645625236
0.2945374560412658,-1.0,-0.05278077432621453,0.6607344032521191,0.001910821092787951,-1.0,2.670665636725837
-0.02150267163559999,-0.7165313803097937,-0.34171882589269686,-1.0,1.0,-0.8984285778946888,4.528152621580222
-0.42457859316982005,-0.6206324942098952,-0.021278414728086004,-0.6468915709223259,0.41402737080223123,1.0,0.5208658384068457
-1.0,-1.0,-1.0,-0.09986367713373584,0.7448891708534424,-1.0,3.950718610882489
-1.0,0.648039595132363,-0.17649575521100236,-0.1515859277329537,0.6080564660224594,0.5566952761962648,3.6867695973706938
1.0,0.7374726597283534,1.0,0.06799872374565563,-0.6340761818214733,-1.0,3.742560972552374
-1.0,-0.9002444972399632,-0.8075373653026028,-0.8365808352558901,0.1993535792727264,-0.7406515771324251,0.16071716154606097
-1.0,0.7723933722276985,0.1973124465514028,1.0,0.9690152979384936,1.0,5.271939010684726
-0.2207304182487364,-0.9630530087274001,-1.0,-1.0,0.1723964231417579,-0.4359246839397059,-3.2691967944565903
-0.3424480756431699,-0.4156914497661386,-1.0,-0.9908115419979293,0.45891770681448296,1.0,4.058617700940709
-0.7953270284399682,-0.729476815384138,0.01611757084967258,-0.6011573208844911,0.365086850965026,0.732768100477276,0.13122978226999066
-0.220241223162978,-1.0,-1.0,-0.46788592553834096,-1.0,-0.7850989250423741,0.7318508589150738
-1.0,-0.00046669013623423794,-0.506918373935852,-0.31070116995458674,1.0,0.32545222415009434,2.3465808418919125
-0.48860300641334714,-1.0,-0.03886181934887095,0.23989698998433162,0.20727676297484854,-1.0,3.5648062384269896
0.5183367207949461,-0.25330795375562376,0.4674593680306527,0.9053010628527978,-0.5401284135287943,-0.757933325920064,2.530713443650459
0.8594846127855538,0.6654069934248025,1.0,0.2576766904961485,0.13803867430121075,-0.14252634346645587,-0.4909455421941713
-0.041156449877293166,0.04357135458358208,-1.0,-1.0,0.09758529230402734,-0.13797496452273827,-1.0389962433388584
1.0,0.5443905284162356,0.4189207079588525,1.0,0.43550782016542855,-1.0,3.8287832553258894
0.6883083268449575,0.35396141982853724,0.44096600820665643,0.9108562269377047,-0.3270394372848008,1.0,1.5749198638835513
1.0,-0.005413542956257324,0.3646986691382179,1.0,0.20253693829910357,0.7906991332324427,0.49736228580564285
-0.8576829292793224,-1.0,0.9625745535150252,-0.38788079199880765,-0.9497410217801755,0.697655676546215,-1.4203707280298035
0.1015062547489601,-0.4805656972100071,0.24962574146140773,0.18979910033325342,-0.435772820315648,-0.0014164946775681309,0.18452524205094561
1.0,0.6243974679691684,1.0,-0.027816186581073987,0.3702213570223783,-1.0,0.8633900420565114
0.02250050029428108,-0.40414382595605514,0.8121194892583571,1.0,-0.3254685299585936,1.0,-0.901090116843093
0.888156298905972,-0.1588029413750953,-1.0,-1.0,-1.0,-0.1576390021088968,3.834548969364961
0.16551271351234914,-0.01969739073264193,-0.13320902628650913,-0.8932048062125653,-0.08719889414033233,0.9824423449912665,3.8876989483611233
1.0,0.5331856184618426,1.0,0.49813141042845255,-1.0,-0.016181139596359445,4.145482655090192
1.0,1.0,0.5096333402458182,1.0,0.37756578536045027,0.6081661130430367,-3.0495068264765046
1.0,1.0,-0.27349578873330693,0.14566048578260304,-1.0,-1.0,6.793928330199227
1.0,1.0,1.0,1.0,0.7745642436677949,-0.997484588162906,-4.303815924012583
-0.14031250944733414,-1.0,0.39396365149455104,-0.17944844392403392,0.7991015928350556,-0.38394405373739304,1.9375612276022969
-0.01224586098281577,0.45315121040128437,0.13431926521876247,0.730346625798893,0.11511640876521156,-0.804113734547806,1.9697167281003014
1.0,1.0,0.05124960183101762,0.7941812965388932,-0.32861837717378406,0.03210730979263987,2.588842904216603
-0.009760857798397138,1.0,1.0,-0.15728786855847243,-0.9088028938956307,0.6831383562496423,-3.071708959440769
0.49685905061878866,0.275348314192144,1.0,1.0,-0.4262424047092217,-0.8897789732831591,2.7769614100797657
1.0,0.11308205365242507,0.5144418572491875,0.2372539430893459,0.16274668787040336,-0.14979857346566483,-0.6057773190974991
1.0,1.0,0.15644747895180533,0.9498819016878839,1.0,1.0,0.22073638943652696
-0.5835653569088629,-0.21453228036809968,-0.9320010857783227,-0.8251717607292217,-1.0,-1.0,1.3995044952989248
0.9283143499167876,0.6649436144929544,1.0,1.0,0.012928575276675791,-0.4809750809492712,0.477823231664135
1.0,0.8358060973528368,0.06815603938894765,0.7973497753201739,-0.49204472109089287,-0.7182794575742146,5.170146070006527
0.22142140044881842,0.2544469085689649,0.49299988935114136,1.0,0.21445652358673886,-1.0,3.468531552399435
-1.0,0.3568884841172592,-0.6507736595778439,-0.21028882673853294,-0.17178582062154268,0.9240542698463754,4.044865959364383
-0.6527163489682906,-0.029592554114444614,-0.797244284852848,-1.0,-0.9511275983139217,-0.6403467840306588,0.5361697383682593
-1.0,0.022427593081199487,-0.6071780526495345,-1.0,0.15562878084955845,-0.31043329647176443,-0.1198207862141917
0.25878503088495475,-0.14205753502306212,-0.8287077201674156,0.1004275218298078,-0.24189979941818962,0.36812864971653547,0.6149991289742207
-0.05040581751855844,-1.0,-1.0,-1.0,0.974847700079369,1.0,-0.7337170579848641
0.27006256552714003,1.0,0.405489634681575,0.6839366340941695,1.0,0.6829775662541033,-0.8546820003521522
-0.6212687530478495,-0.16518591440574287,-0.800652016938549,0.7525955072052045,0.836882305625382,0.10765582554352582,0.9158441843931184
1.0,0.14446272200359989,-0.058643026458918945,0.3274796832240767,0.31777834809316985,-0.3676899960569402,-0.06907237272861533
-0.2747127986113078,-0.5077611436050798,-0.41355145348524225,0.20337511327693913,1.0,-0.09854218763632026,0.19923938911289973
0.27197665932546355,0.9222409009018417,0.6716936094428498,1.0,-0.19490240818664517,0.6465309640360479,-1.5199821310094679
1.0,1.0,1.0,0.5351537717340118,0.8398159885332607,-1.0,-3.9120856979739074
-0.2398916096266983,-1.0,-0.2518001648142898,-0.6420549284588117,-1.0,0.2188575862718135,1.0716740357569563
-0.876681030415885,-1.0,-0.49674484657257323,-0.01139213800298533,-0.9557316362806167,-0.636496190023418,-1.2672099169611017
0.8495933817080279,0.8003464373964977,-1.0,-0.18992553642866905,0.3990024714582629,-0.6738018462064108,-0.6845136384993991
0.5521833648073163,-1.0,0.14500218842797408,-0.18280675308530836,-1.0,-1.0,7.761016439409633
0.08869669147611542,0.7434986890544703,0.633211511691444,-0.4440984146817302,-1.0,1.0,3.633990178350112
-0.40895393719606743,-0.7661524512529994,-1.0,-1.0,1.0,0.8849413324619626,0.8377865428506536
0.6276083522374758,1.0,-0.22054873039977357,0.5567688454144448,0.9362076803389913,1.0,3.7462928080069235
-0.6246441068251013,-0.33506205140943757,1.0,0.28375394505329765,-1.0,0.45358593914057865,-3.830547241915159
-0.5198832806515847,0.5431484716699517,1.0,-0.42815478232888915,-1.0,-1.0,-3.237709518265919
-0.29259299305599884,-1.0,-0.8441654539021489,-0.15578060506414437,-0.4587259526951395,-0.4355925931815201,-1.4196423494675423
1.0,0.974032777953334,0.20831647968586742,1.0,0.3116860795519533,0.17856886719108492,-1.2292930562701212
1.0,0.1642926459432481,0.5694506207008965,0.07579967840620716,0.5284634958209491,0.880964758754058,-1.2499231885378856
0.7186777041663741,0.12646653823512044,0.7254668568805903,1.0,1.0,1.0,-0.29231652934846086
-0.8385760483223981,-1.0,-0.1615226097061082,-0.37635575475112787,0.6665349715968921,0.868503409928643,1.1573269361003757
-0.7632901545389237,-1.0,-1.0,-0.9373171510165137,0.12682831839670938,0.1536570981372342,-6.42867114653493
-1.0,-0.1930528691926462,0.23130884926782758,-0.47737328986357686,-0.7742848868467619,-1.0,-0.08800796394828714
-1.0,-0.5522684588868416,1.0,-0.48749904322686566,-1.0,-0.4038827296740337,-1.2887497881044323
1.0,1.0,-0.25524589382074225,-0.833061877365241,-0.31677386536067464,-1.0,3.8383627517027135
-0.004507145165562054,-1.0,-1.0,0.02219142342357544,-1.0,-0.10258477463755356,-2.3000700819905324
-0.36326725953754513,-0.6614408372160572,0.5767238923414613,-0.31148579304498203,-0.05570724151893092,0.6463547372157807,-0.34424804252683333
0.2274442094058231,0.5816951206355022,-0.747429010900879,-0.8542348640792543,1.0,0.046852159261653537,1.4760479841120904
-0.7407647986027266,-1.0,-0.8979962848346505,-0.7620681298634634,0.44383400824852326,0.9752935615068282,-0.7145651773607229
-1.0,-0.3862100670026509,-1.0,-0.5469492211330571,-0.5842337633528979,0.3945760513442359,-2.3128103637486492
-1.0,0.7369699663198426,1.0,-1.0,-0.5228270113429552,-1.0,-4.262019291705044
1.0,0.14702698131928205,1.0,-0.3553653876100776,-0.4862300634677774,-1.0,5.848971065090884
-0.821308657991523,-0.8998564607901824,-1.0,-0.18875407840510805,-0.674078916651996,0.48850209354690505,-3.9935801068652763
1.0,0.35553275415291896,0.20962830968263813,1.0,-0.7892919175487831,-0.9815635966332255,8.57009791136014
-0.4440847668965662,0.30402912323793774,-1.0,-0.2915106423636765,-0.18400980198485217,-1.0,2.755938695103958
0.09997988557433529,0.03653778470206975,0.4191328329561525,-1.0,-1.0,-0.8653302131606457,3.6301143375895766
-1.0,-1.0,-0.061083156029489105,-0.5852797330056003,0.9170476653192158,-0.2602452384882858,3.7956023222460273
0.2283630719178369,-1.0,-0.06161479983971485,-0.6357594395793511,-0.6960514581371032,1.0,4.210258203500223
1.0,-0.8756076436243712,1.0,1.0,-0.19492986343844387,0.3254281869833079,2.8748272931863563
0.7100951075165947,1.0,1.0,0.710247489022787,-0.08574790939122712,0.26407390721239454,-3.174077795875156
-0.5145247768596521,-1.0,0.7294275649758615,-0.4054317008752734,-1.0,-0.19131885830964435,2.756307131270348
-1.0,0.37879489720877274,0.0902749584848529,-0.9514762036673834,1.0,1.0,6.450085241225005
-0.455817840546453,-0.5518577635554163,-1.0,0.08432510163486784,-0.2731525808089331,-0.4306998750356878,-0.7195648232643514
1.0,1.0,0.44102380932076457,0.25481009235888885,-0.7615451575187037,0.2291694260297673,1.502103732333401
-0.11228199861987043,-0.03311029244578123,-1.0,-1.0,-1.0,-1.0,1.5797910240890567
1.0,0.5278112272929019,0.6215577698252928,1.0,-0.017263027565806777,1.0,0.5273280381421324
1.0,0.777420128068647,-1.0,1.0,-0.5018241701792209,0.24634832200104373,4.220209871207425
1.0,1.0,0.14395837550207013,1.0,-1.0,0.11657467769435315,5.692445633083657
1.0,0.3635324238572898,0.10874787077437545,-0.3686211992843428,0.4862908662314445,-0.7704040557158227,-0.3332007772363147
1.0,-0.8608574377107767,-0.4121065501344125,0.2035596310760392,1.0,0.21781011932431182,-2.7130124462162453
-1.0,-0.9149700627573496,-1.0,-1.0,-0.6413150668999005,-1.0,3.167697059969587
0.9349699808946506,1.0,0.19977932439423363,0.5147284856716512,0.7434767399336706,0.49988296503403395,-0.9880301059267237
-0.19857578623125272,1.0,-0.44032858075398085,0.39816692394315867,-1.0,-1.0,1.8428924746865762
0.19471844178320413,-0.6494964170241514,0.6373400987710098,-0.041615716714583945,-0.019022094884392382,-1.0,4.706131339785459
-1.0,-0.8769080357476814,-1.0,-1.0,0.6263832479476183,0.7652585587198758,-3.8094044132850424
0.515074177366761,1.0,0.584721343306215,1.0,0.2077528776432458,0.7951222936930861,-1.124104843489646
-0.497998841484397,-1.0,-0.887589214022217,-0.11195975112099621,1.0,1.0,4.170675884241648
0.516578260370363,-1.0,0.5358959537759748,-1.0,-0.43440121673927445,1.0,3.529181289456673
-0.13510691548279707,-0.9399054995469005,-0.011832875362064788,-1.0,1.0,0.21067325409302606,0.10572621519377245
-1.0,-0.8170497221715883,-0.32912951532539836,-0.2755479143093267,1.0,1.0,5.1804462499107
-0.04406472068061493,-0.7066409790776652,0.9744775148174455,-1.0,-0.5580625481513719,0.18098068470217854,0.01518424123960771
-0.8379549369120954,-0.9716868150981839,-1.0,0.7066761875900199,1.0,-1.0,0.4934192343847121
-0.06493707633429124,0.3893204942329911,-0.22655315629315764,0.7210988744484084,-0.9715975865993896,0.13966500065337112,-0.3394832721188251
0.7026702684234509,0.07844741273735317,-0.32482477163498036,-1.0,-0.7164040950405132,-0.3987085201774403,2.562066178726024
1.0,-0.7834147630521548,0.1964785573801521,0.9966948613007837,1.0,1.0,2.650338353522641
-0.5816695718600694,-0.9269135816407015,-1.0,-0.6917495748101157,-0.749098114124759,-0.35386211008842083,-2.6643467252000383
-0.3758655383444378,-0.18436928078945547,-0.21315320141001826,-0.2387092543860475,0.40164874986584126,-1.0,4.211471031693186
0.6914893724684261,0.09190938644098878,0.5933329296215357,0.6566167078313956,-0.31187861256323934,-1.0,5.608922918340886
-0.34606717488199545,0.6723541700415268,-0.2619010587751994,-0.10991129726716348,-0.6840202776361158,-1.0,0.7766412872823885
0.08403571987730807,-0.9294857523875241,-0.6766628120138879,-0.3244322652545527,0.6115772570846161,0.8960127128933111,1.295037815720849
-0.8234386433193475,-0.9214429609282164,-0.8870096371966032,-0.6775843845720562,1.0,0.9530981733661632,1.2376083388871408
-0.04781376955126215,0.9608983265653284,-0.34589477689965364,-0.5295530408885116,0.9530723400481265,1.0,9.053204722094467
-0.8552881807512644,0.21029301738310602,-0.6149928032762728,0.15539768427521966,-0.7355532412343506,-0.35405149081619003,-1.906030134533719
0.45879511239288906,0.28934619684253876,-0.2802691211134787,1.0,-1.0,-0.9866270253046545,4.179527074314557
-0.09041711346029702,0.9041326110785495,0.9347017377708096,1.0,-0.15744113258265754,0.8935383927443271,-5.022569037172001
0.3037565247442633,0.09431445106464964,1.0,0.5069351414692158,-0.0525504817977418,-1.0,2.1161599474771924
0.8232202084817277,1.0,1.0,0.38824720533282253,-0.7781006309725423,0.005130440691688734,-0.11582898117989407
0.5196098167792498,0.6149133929469801,0.38236672965600094,0.023212947912702953,-0.6473525945516188,0.2479725035304261,0.5833388815380093
-0.8966227385759424,0.1412626474063658,-0.8139467441105092,-1.0,0.754867772773766,-0.11443160599141863,1.6864802714340383
1.0,1.0,-0.2649582479130983,0.16431725674615638,-1.0,-0.9700048130252973,6.101662110108928
-0.08852212889261446,1.0,0.06953020440307528,1.0,-0.08098861500908983,1.0,1.0029428496382193
-1.0,-0.6754596734365543,-0.7461064048025228,-0.009625442672608397,-0.7317125811145224,-1.0,2.085470690912202
-1.0,0.1527368557328084,-0.7937995734342287,-0.26401041558945326,-0.40721709479512214,-0.5042935163432529,-0.7795473849286897
1.0,0.8305879906213249,1.0,0.3020573497184755,-0.6582930785786342,0.03560851378511043,0.9145779342995255
-0.2877308716768263,0.16572871664312855,-0.5731917522348466,0.01261921427084367,-1.0,-0.6986516554929841,-1.3393344395133508
1.0,1.0,0.19869567303570979,1.0,0.5894238469978345,0.3393872031333101,-2.858271937394534
-0.024589360401730653,0.045935253759785244,-0.9611815826382653,-1.0,1.0,0.2733903294990023,1.339716994137216
0.03159054107668763,-0.46338837177778347,0.9572969342897294,0.7648766724306468,0.6014989226777545,1.0,-0.4196014533934033
-0.2874754104553141,-1.0,-1.0,-1.0,0.22199349171873117,-0.07881314404876516,-4.018559298337563
1.0,1.0,1.0,0.22363351417304445,0.12904109790507723,-0.9547265689975859,-0.07757013251480657
1.0,-0.8614092430479934,0.07140848967913077,0.015897999322348644,-0.10578249659102718,-1.0,6.779857430742355
1.0,0.912491839393895,1.0,0.9291990170197035,-0.8106457456782377,0.5034709349253257,1.2107853950806025
1.0,1.0,-0.5482605951328668,0.6230051630405012,-0.38731507947930055,-1.0,6.39753324338021
-0.11453748730394303,-0.22915834564379184,0.7752734038115385,-0.44004852734765026,-1.0,-0.2082449811112037,0.27578642419417865
0.46344980941523484,-0.21427440928273833,-0.3882834864653637,0.26208472674582717,0.13208472019105388,-0.5860968801511319,0.7896003972840843
-1.0,-1.0,-1.0,-0.16515715885899995,1.0,-0.2746023592089898,-3.9254489402357677
0.3030185067012454,0.3045225062587962,0.24377011836170603,0.68950298441015,-0.4905152855539489,-1.0,4.196678762607726
1.0,-1.0,-0.7684981642228097,-1.0,-0.05995225217746333,0.0445836397472707,-0.6885481303140478
0.1742309425840799,0.06782459417185538,-0.020147341814277353,1.0,-0.010831972392875533,-1.0,3.718661007573646
1.0,0.35077484305672957,-0.22141586563600768,-0.04252399774441262,-0.04082024251216365,0.1117821240107281,-0.06179089476409136
0.48332811185206426,0.31443026716107525,0.18073069463451175,1.0,0.8776877500305931,-0.03741844286125123,-1.0607242264586896
-0.42759278133832185,0.14616048935637616,-0.4947265604233396,0.36554659011525087,0.8877266622020572,0.3700642357214099,2.4217223874488596
-0.0008844409203547787,-0.16478480731929904,0.2648342375260093,-0.051498383791915237,1.0,0.47372807045771426,-0.07579759170829141
-0.5440958073339971,1.0,-0.45583944909540874,-0.5752789511491883,-0.6544265887468932,-0.7806270123934329,-0.9634943381912515
-0.5658142667858801,-0.371067099170706,-0.16881917559061055,-0.1807336662838293,-0.3198920460971842,-0.9439490763553655,2.276828604970884
0.09254258949708544,-0.4356962095820855,0.07002811170787665,-0.4195390928030723,0.04682315469773901,0.11184603486790579,-1.2669547211650567
0.6681697994101208,0.6387255785163697,0.8371192106626506,0.38417039475903936,1.0,0.913943217227569,-3.001182293718087
0.6504366124538925,0.37333796447443757,0.530898191397678,0.46071010535077217,0.31639551075441325,0.6427964557995925,-0.30270940087189685
0.6527678469176383,0.9107464378429471,1.0,1.0,-0.21551629070128708,-0.8516784657913228,1.6746416763630727
-0.08116836718504145,-0.5016882480307764,1.0,0.05063820853101761,-0.588299146521104,-0.260707264652298,0.25565384678376146
1.0,1.0,-0.0008423164939053984,-0.8668981973624714,1.0,-0.03897242171020185,-1.0594659868460181
-0.25175680357183805,-0.7116806682550074,-1.0,-1.0,-0.14560297767446917,-0.5090682067890542,-1.2726418115936076
0.6274859444244434,1.0,0.9076784488479288,1.0,1.0,-0.6019938521747311,-5.904122438316653
-1.0,-0.27463623867817333,0.1228512051680366,-0.2585672795914298,0.04369104653051337,-0.6840248804557569,2.334595871788011
0.7408754527414093,0.4736094278123478,1.0,0.8029315854511068,1.0,0.4215961739517302,-5.193154211723851
-1.0,-0.778148877967187,0.18054603357112933,-0.175791479456609,0.3213444265549731,0.32863272356911666,0.7511100244995073
-0.4816868596532238,-0.8004093581030833,-0.08445804800479828,0.19936159330365777,1.0,0.9024805374541137,4.07057728981486
-0.9438441014619814,-0.938520264895615,-1.0,-0.604666143995636,-0.44792907654833714,0.5293435261380952,-3.972695393563166
-0.830797467013394,-0.6772018027957113,0.6536172327886992,0.4717449800311105,-1.0,-0.5855814463138589,0.21816966316297037
0.23821729470053987,-0.32846729294344157,0.0002971624536744488,0.11285534373143724,-0.560486947042242,-0.8267672450401636,2.8591637867406834
-0.7422299652225022,-1.0,-0.2973512837948591,-1.0,-0.5532508854677587,0.3174230999106142,-1.2469199410194096
-1.0,-1.0,-0.17366284259507814,-0.51940085442354,1.0,1.0,3.0482823997073947
-0.6620521616494086,-1.0,-0.6831744099701965,-1.0,-0.7235433798469754,-0.2113216364750018,-0.6644437215651713
-1.0,-0.7586733491538817,-1.0,-1.0,-0.13388787128732782,-0.6746166107863896,0.10413966049992807
1.0,1.0,1.0,1.0,1.0,0.9110408951880933,-10.58179537158844
1.0,0.6667731333682343,0.7835086625666879,1.0,1.0,0.9262946150416285,-4.910865537037807
-0.31922966692979476,1.0,0.49721993074050364,1.0,-1.0,-0.4382811926819361,0.8388775587798079
0.294149751566674,-0.12316510779272893,-0.08891151001778774,-0.4902082942433783,0.6681344521699488,1.0,3.0130137304530864
-1.0,-0.07650703840587036,-0.5972031153248265,-0.6863711034630273,0.2889855881037853,1.0,4.1808748189693885
1.0,0.7866894334336911,0.9959528333628376,0.5411549398909652,1.0,0.9717605294867491,-7.018719515838265
-0.5865559956635342,1.0,-0.9409342294788494,0.30879332796330194,-0.9017256723315262,-0.19938048653031937,1.3537435583573068
1.0,1.0,0.6301694328369212,0.7797719298466699,0.05062802231099528,0.04943164211430673,-0.9689253853176476
0.9551669044329775,1.0,0.9367028669142331,1.0,0.46613616529874885,0.9418810455157511,-6.7672981662945935
0.6693555942017388,1.0,0.5894270052734834,0.30681882338004574,0.9107786613296787,-0.8139421979283509,-1.7766373322535145
-1.0,-0.07669580534801401,-0.03786180568666042,-0.04654741048884642,-0.08371651273858394,0.028110383168784225,0.27467469253925114
-0.9842762000865202,0.2821445201434243,1.0,0.7100306579477824,-1.0,-0.6413696930510082,-1.213799616458083
-0.7543774359128297,-0.48829695109906057,0.8185712215143046,0.03698815369205891,0.26905804457217264,0.8678538120035098,-0.2587165783043712
-0.6083755835155353,-1.0,-0.17771584536166385,-0.7838065333947879,0.4475060350200234,1.0,-0.3584368502199735
0.2517861842738525,-0.31758289556298047,0.4866432256949769,0.13814820907838954,1.0,-0.500901885741171,0.7080404155521622
-0.786299337350344,0.24708628332897464,-0.6434602105059894,0.8489854534087852,-0.23129934387797635,-0.9840220461661715,2.8028391904120156
1.0,1.0,0.4523970036946312,1.0,0.8003270840187354,0.6846268455728445,-3.2581733381784814
1.0,0.5074502423324605,0.2152412907811836,-0.16945358265411048,-0.08824919393876106,-0.12208568475390746,-0.09738745102709878
0.08184012877277758,1.0,0.3516608086857903,-1.0,0.31698279531457274,0.6217075997573092,0.35538196960160684
0.6780062508895163,0.40663121953911574,-1.0,0.5736250652191024,0.047149167731192654,-0.11783759586205855,-0.3927895426533044
-0.4993509614941407,-1.0,0.7958998859936657,0.08110209403325608,-0.08269001656017072,0.49020066882100244,-0.3026915070084435
-0.11229034839208929,-1.0,-0.20875651689954156,0.5239930930971008,0.4923957165536539,-0.5211201222201008,-0.7166533086104877
1.0,0.26086726875358024,1.0,0.7101022983443528,0.8925453089704086,-1.0,-3.912334930459626
0.8098300693773717,-0.46282033465441313,0.15800387429435048,0.17215115337139147,-0.033934199206820725,-0.7856558612046423,2.9472792583133582
0.37468296557121517,0.912668101791732,0.4972956053559224,-0.7308337226163739,-0.15836562133577736,-1.0,0.7747866342135225
0.5803771304323416,0.23557128177358216,-1.0,0.5328705926883693,0.9778350505510256,0.6728535533930127,-0.5899157223170695
0.7641414653241554,1.0,0.055752282458424895,1.0,-0.11482563573239676,-0.5631307601710054,2.6978873822662917
0.44304327648938735,-0.33700277547204355,1.0,-0.928108875775305,-0.2789687347660521,-0.8365718300828424,2.8914476357255037
0.5570600731282589,0.717017090555885,1.0,0.5450814453046835,-0.6234607302121169,0.31960695295754626,-0.8946066450309069
0.12567208080901926,0.6596155280822102,0.6532577956949028,0.04837191030523191,1.0,1.0,1.8156854342752542
-0.19621329645300079,0.1838208632481339,-0.2257193640226867,0.201312692899554,-0.37754503050001004,0.7193945283237808,1.3805491082547607
0.19243248486608855,-0.47952909849182257,0.9319369940133775,-0.36064288419737034,-1.0,0.015962854628054912,0.5877368637204113
1.0,1.0,0.5920307099542619,1.0,1.0,0.428009455931899,-5.456981909353153
0.1789187900262028,0.39503825330560044,-1.0,-0.8286746079991785,-0.9546970895062152,0.1606038710520672,-0.04644443830720535
1.0,0.9160124873696198,0.5996212142306154,-0.47040304313265235,-0.8669846917430344,-0.0013502706418615507,2.3793303447069025
1.0,0.15783893658108172,1.0,-0.2446786352594731,0.21304863254258066,0.29003025113185354,-0.9250924752812641
0.9861845223858114,0.0086124339086322,1.0,0.2616740017152952,0.6022050598661379,-0.6794564124982874,-1.5628209786636935
-0.8013219275071686,-1.0,-0.6145342961171929,-0.3108213872651462,-0.7096258141839429,-0.5902302167300743,-0.7233345574181489
-0.05773311215746485,-0.6253506229562928,1.0,-1.0,0.23651314393017142,0.5160998840174167,-3.605465741772286
-0.6886911489061034,0.39464339654851877,0.878564006334903,0.10483884892691597,-1.0,0.07994446389378396,-3.0328962004712032
1.0,-0.41593040022281613,1.0,-0.6266782008929866,-0.08393662391461047,-0.7077315815907826,3.847585568820518
-0.8946936923371146,-0.4939010500379053,0.07382529896372902,0.14009027233804733,1.0,-0.06727877274553856,2.5172630206042617
0.2920968244855122,1.0,0.463433364634961,1.0,-1.0,-1.0,6.004072200612639
-0.21066695185509032,-0.7840675512147322,0.2388108280196376,-0.4711138614009523,0.935268428018339,0.42561012403834286,-0.429596597714779
0.5204832103464142,-0.2242586904180548,0.3086037385692302,1.0,0.7801886900934623,-0.7122336620577661,-0.6834919571580025
-1.0,-0.3993318172765128,-1.0,-0.30567749973629843,-0.3546607355774739,-0.6785968448135692,0.2946128577429873
-0.6933415407739458,0.46451475946018933,-0.791850360053292,-0.9693948100144805,-0.6093554445174715,-1.0,0.7326165775895432
0.1032057466539455,-0.6843673180354437,0.8282080146304386,-0.7345349027159014,1.0,1.0,-2.3947648918728963
-1.0,-0.9971387263913292,0.31019552730719124,-1.0,-0.31606792880933415,0.8426767488082642,-3.6676643586572952
0.35875602717838034,-0.35423462929111693,0.5082551011468053,-0.4014765119007663,0.9026240616564507,0.005911217201427232,-0.5905519334107567
-0.17462022505732802,0.5342485656852064,0.382152027460807,-0.5869732751948078,-1.0,-1.0,0.21051368826193106
0.9102061361432839,0.5739193403424744,-0.3335266129766933,-0.3047176881721574,-1.0,-1.0,4.120186178981725
1.0,0.5198726300985435,0.2165714338877155,0.5230169898109105,0.27866999319436603,-0.23684465308219488,-0.10636070658259492
0.7514193273167439,-0.43992076391225904,-0.6536818498775434,-1.0,-1.0,0.8410540860170513,8.81066913227713
0.06615444854913255,-1.0,-0.7296889537741749,-0.5471657637611591,1.0,-0.06246950559732356,-1.965961372003203
0.9827426823832768,0.24663406341979047,0.30880478946455153,-0.0045048123070763335,-0.7323098453619954,-0.8334890754871942,5.176535503921298
0.4502630336751427,0.10124886176941428,0.8703070889595751,0.8845907618971532,0.6793591121367498,-0.23924824035727088,-1.8938994450427367
0.4313861783228434,0.16121376022193634,0.6058215060575786,1.0,0.49758267471005924,0.2260644252017293,-0.8409143631506732
-0.7696133044052572,-1.0,-0.22849995744596707,-1.0,-0.2052785297591021,0.09474003170372565,-2.060657634985835
0.1844138755717046,-0.22595942391449353,0.5859264974136509,-0.6177967093183045,0.6387798113227434,0.01560783832646484,-1.449163490749857
0.6586071560908766,1.0,-0.32297566940592837,0.8872050887153018,1.0,0.27547394062578234,-0.7104834306745658
1.0,0.8438169186241722,1.0,1.0,0.2018839660864224,0.7282128999761242,-4.623051565042155
-0.764506707678981,-0.8064492758617665,1.0,-1.0,0.5815124679323249,0.12841388347184557,-1.1010746094763106
-1.0,-0.13410070592846557,-0.8796243690581929,-0.40424775105377897,0.36574000553917385,0.5760190313333244,1.8583131582104382
0.5177305617531252,-0.09916595080902114,-0.24844929974175878,-0.12504593956827845,-0.08020325626239151,-0.5031654978757458,-0.07130253387478858
-1.0,-0.2290433025084373,-1.0,-0.6040924548451121,-0.7103217479246904,-0.7625635772981272,1.1189458319845174
-0.7721137981606059,0.6971154833715715,-0.4708181037144386,0.3125405289890137,-0.7539697149609204,0.3170659448380915,-0.8127870497796056
0.9620623770164158,0.4476229542639263,0.49381535643083085,1.0,-0.8099917652068417,1.0,5.742155634483943
-0.7824634667066932,1.0,0.985641027381962,0.8477569681273904,0.6303786899102882,-1.0,-2.3972242697238886
-1.0,0.5101349728392321,-1.0,-1.0,-0.20304553992860624,-1.0,3.8698190576223856
0.7393877210816353,-0.04456421049223515,-1.0,-0.19752867994228007,1.0,0.06518878341813439,-2.9801535261340932
-1.0,-0.7540565603054381,-0.9100479423098946,-0.8518255932826564,0.5957838572070424,-0.9146903445852439,2.996474755314013
-1.0,-0.9943047023214657,1.0,0.6736243638976889,-1.0,-1.0,0.3506610605827838
-1.0,-0.5209960429310505,-0.01870347589389848,-1.0,0.5859204597986734,0.9755368653807831,1.7175958773024482
0.3095258502209082,-0.32565078331409547,0.7802218481199656,0.42370462364776096,-0.7815630186596862,0.49340165751751724,0.3261627598775777
-0.1095356684469806,-1.0,-0.28325627818712906,-1.0,0.046638469098472635,1.0,-0.998894670208046
-0.022254780537134866,0.7225069033941008,-0.084952585635801,-0.2775002631400899,0.8166074636115427,1.0,4.366944194005646
-0.5870482810996084,0.7153177951144409,0.4794344907929143,0.8522393987642574,0.1887291264803041,-0.806939138823863,-0.027564257978425655
0.1835232569152395,0.026085304720867508,-1.0,-1.0,-0.2945794115760356,-0.10087587002200099,-2.3635013909004385
1.0,0.605804251403782,1.0,0.8661782138796335,0.3674343875430742,-1.0,0.28443683168750966
0.30966129593718195,-0.6025440805362627,0.9883596748027121,-0.23114042251423006,-0.665994680092968,0.4292479229509736,-0.7605641181468367
0.17475329562460162,0.7345902188612223,0.8160095885402239,1.0,-0.40550290545814693,0.20195037987938136,-0.8617015866680435
-0.26182170591175125,-0.6636022034025939,-0.7051763701443865,-1.0,0.5082166083773897,-0.1804537282303397,-0.6417353222040674
0.41873711264634184,1.0,0.07782490945833453,1.0,-1.0,-1.0,7.6915233444338185
-0.42950303201956436,-0.5918041077155869,0.532402745593071,0.9827975426314006,0.2655973539552738,0.7952226492778096,1.1274685788477328
-1.0,-0.6692525013039321,-0.6548096617163323,-0.7108379717791188,0.9804642659161367,0.9137028339440216,2.0208020304770278
0.1774899092172295,0.0753874035128268,0.2137381639047018,0.4171643250495549,0.5654504085075289,0.8836000039294962,1.4093020974061243
-0.4353670929066171,-0.6616760851417252,-1.0,-0.48647480244197494,0.709409546519237,-0.32425865364589823,-1.7808844545591018
-0.5013405139619,-0.8931002088998381,0.7133871348425904,-0.8754420362801445,-0.7918672765773844,-0.11722835741183332,2.004604829211449
-1.0,-1.0,0.18719082484096072,0.1212605293665957,-0.4061664973482446,-1.0,3.2634269956680058
0.809219386610678,-0.9947227081040605,-0.009884556170124736,-0.9531287768787247,1.0,-0.32307532417543355,0.8582326431448537
0.792826800874846,0.05805699572882381,0.5361059046364846,-0.36761964083811116,0.9941364710371119,0.4943464634844489,-2.3085779123162626
0.2715458121951273,0.9976900336935716,-0.2185365374281677,0.4728235626083852,0.7087553141614855,-0.7021612131807093,-0.16602563133413528
-0.5818928111399279,0.15041957348157925,-0.34458925438527765,-0.15142391178641895,0.4071582145052288,1.0,4.172166471496059
1.0,0.3494081972354768,-0.20039348320552913,0.5946479852490785,0.6101953002451579,-0.12689692249247098,-1.4435026428299627
-0.812314785192235,-0.380149299673073,0.4133455093917011,0.7940244760497488,-1.0,-1.0,0.14216689705841956
-0.8151169550704442,-0.3585977064023486,0.2811819669034317,1.0,0.8595735078945268,0.5212720870211296,2.616538490857736
-0.8281215240711306,-0.7687955905020185,-0.5220818238059415,-1.0,0.8476059231685932,-0.3080184498924775,1.738359872440832
-0.9102972548434304,0.9619536541711551,0.37588753209444115,-0.7005350437468835,1.0,1.0,6.056292615853199
0.12446294668534513,0.8856892796304546,0.2646211137751683,-0.9983765627471943,1.0,0.3936219456413062,2.5039172575813953
-0.4681447501324672,1.0,0.22126587908838258,0.5212179989512461,-1.0,-0.23458840345951149,-1.4401718872025733
-1.0,-1.0,0.2987202191606904,0.7959031979040471,-1.0,-0.10552447805825266,-0.14863352188645887
-1.0,-1.0,-1.0,-1.0,-0.02290979386955691,-0.5915571688550088,-2.7461685883235725
1.0,1.0,-0.19413099317959376,-1.0,0.7093130223190909,0.3624258710179351,1.4723703751511499
0.7551078417508317,1.0,0.019934837302641006,0.993072013250665,0.5206940232510483,0.9745079820588617,0.535899945335333
-1.0,-1.0,-0.7465200927809373,-1.0,-0.03322968862503273,-1.0,3.4103313204480488
-0.06600901468974033,-0.38035307113908173,0.18195162602419224,-1.0,-1.0,-1.0,5.097185283862484
-0.1320359094621514,0.35965120836087877,0.3305005953317999,0.2947685179580828,-0.18666583408976045,-1.0,2.447716494079696
-0.6450419667576401,-1.0,-1.0,-1.0,-1.0,1.0,4.507183216489021
-1.0,-0.01918857664989543,0.7766769274680447,0.5331703970611941,0.5895329109025815,0.4763840661714044,0.5316833313444138
0.299691093066754,0.4496895648918842,1.0,1.0,1.0,0.9155784379326803,-2.317356669029476
-0.11368057891035235,-0.20825578749303403,0.7112371704582428,-0.35944631557192097,1.0,-0.26311075020384345,0.5090118684495506
-1.0,-0.4365453912987691,-1.0,-1.0,0.47288698213262914,-0.6572107301488177,1.2992668051576777
-1.0,-1.0,-1.0,-0.4908834608554389,1.0,0.9914033835947043,1.6384676591415008
1.0,-0.05425734321320341,1.0,0.8706485716206497,0.3754828990642989,1.0,-3.970675294381278
0.6181624190135283,-0.15943704194867525,0.39396903023203045,0.39157562484464803,1.0,0.5186383134573402,-1.0187486326994937
0.43361037487036064,0.31338633742836314,-1.0,-0.31839191894222396,1.0,0.8883284804998974,3.4965829199600114
0.7904824357364333,1.0,-0.3792921151890515,1.0,-0.8272825194161086,-0.3080717154768204,4.412073901879894
0.5997287138621956,1.0,0.6208026237213295,0.19361311902851597,-1.0,-0.9492186955813755,2.966929274753597
-0.06928732126166981,-0.3789851425214077,-1.0,-1.0,0.4255225798647282,0.7909724020114033,1.8917608678351456
-0.5875155665851806,-0.6526390676461908,-0.9342518044175365,-1.0,-0.7141587573870443,0.9608353796648843,4.747156702831388
0.14738406809762752,-0.3443148800402983,0.11887224640910776,0.38455090247265944,-0.5130355486081141,-0.7723562885986294,1.6013685247746745
0.7321880969527077,1.0,1.0,0.8304164470307849,0.7013480876460839,0.05322989296944114,-6.048448516444658
0.2625454387395594,-0.391391252171432,-0.5264692077325006,-0.8600209152122152,-0.18830531988073534,0.012762992908093906,0.039001458009940176
1.0,1.0,0.6198832598938604,-0.6089427656883576,1.0,-0.5758348569421279,-2.1111749419491335
0.5390308641208861,0.2585927358629976,0.6450579836500843,0.9159562904732916,1.0,0.3471980885112611,-2.8034916027901176
-1.0,-0.11454809538764299,-0.8350897328579483,-0.39161056121855614,0.7568669813647275,-0.20048390176364214,0.22829805373340398
-0.8585693593378247,-1.0,-1.0,-0.46165470038459056,0.5563094779284425,1.0,1.7584113581944791
0.03671594890328783,-0.29022370308022777,1.0,1.0,-1.0,-0.3166034367378758,-0.6003001636407918
0.2865547548797558,1.0,1.0,1.0,0.4132067845224896,0.5432942062619897,-5.522370142817758
1.0,1.0,0.6055003652437754,1.0,0.6578895365696199,0.2493145896385619,-4.361222369435326
1.0,0.35305489530587253,0.7503866729922222,1.0,0.4734329268145821,1.0,-2.489334300821121
1.0,1.0,-0.5319850005410921,-0.12810772816999372,1.0,1.0,3.6529681866141157
-0.927192842447108,-0.31386593659731693,0.13487257257256002,1.0,0.9234985034167058,1.0,6.271047924097566
-1.0,0.37958333376718734,0.9339743117087628,0.8139262064284222,1.0,0.006250643220300445,-1.4396130799326576
1.0,-0.6508176473796362,0.677429146247591,1.0,-0.6278269290357166,0.1517687785826285,3.9541919235153777
1.0,1.0,0.7170603851721735,1.0,-1.0,-0.7431923957130021,8.740600269750395
-1.0,-0.6630307921646451,-1.0,-0.6135174209893859,0.903715756297474,1.0,4.882869267789746
-0.6684782984553783,-1.0,-0.9926106430206936,-1.0,0.5264325197076468,0.9809165030595448,-0.979376006020257
0.8072165087732597,-0.3835457751998319,0.7225878019769244,0.9486827061968064,0.09037577283631149,1.0,0.20194170512724988
-0.3300287639406503,-0.9782437100620662,-1.0,-1.0,-0.9072044318757174,0.018757615461553856,-0.5177315239317605
1.0,0.5485941424994982,0.46543505729267176,0.5044859790243228,0.8697833847424861,1.0,-1.0474655873891823
0.3796777020187112,0.6787406683301718,0.18137049372468783,1.0,-0.59707226983476,0.8910050096576043,3.236021949519892
0.434482102077115,1.0,0.6984184328069141,0.17443600351374045,-0.843752484538622,-0.4926422495307574,0.29348006675389177
-0.9349139225751502,-1.0,-0.6450320756657776,-0.6021096288776273,-0.5749438085359582,-0.3297496188179336,-1.875937468577535
-0.0035214818717062,-1.0,-0.7438231736806051,-0.5597685127666514,0.009563862779420007,-1.0,2.301285832368734
-1.0,-0.9190541514611046,0.10101309729705243,-0.37492281920089887,-1.0,-0.4737755790425884,1.336178263685551
0.28896394286775395,0.036370177511953816,0.07076117037548713,0.5954341970496368,-1.0,-0.4534779410314266,2.2206064164528985
-0.9068505761279295,0.07833712964908235,-0.022741586209944306,-0.32053447519651845,-0.8920705739374527,-1.0,-1.5455725065657155
-0.7658674060001289,-0.09805003405227697,-0.7259428186252785,-0.8229477617974231,0.38883957949474013,0.23431873404810916,0.04632446066420057
-0.14105820593242357,-1.0,-0.5246877504893526,-0.05780243710790223,0.058564885908473197,-0.9086277522809432,1.575119966924321
-0.693645967614606,0.054964397739707176,0.592726076482837,0.46160570671811785,-0.6301102165693996,-0.018132702901646813,-1.934415854553555
-1.0,-0.6586604569636104,-1.0,0.4583543194818276,0.05881805381696964,-0.7141988200968943,0.5400670057237583
1.0,1.0,1.0,1.0,0.630904836564941,-0.49633452784926596,-4.260173320914576
-1.0,-1.0,-0.538366323873739,-0.11378883436457543,-0.7937511633074175,-1.0,0.6235646520154924
-1.0,-0.2860478943735579,0.4195911777289757,0.017549538268443854,-1.0,0.6905387587868363,-3.911250652606188
-0.07820698751081345,0.25944065438046676,0.14290601774632994,0.40374765933154877,1.0,1.0,3.9931215182010047
0.2604150252013241,-0.9180162859348566,-0.2858570493710708,-0.5109234058654584,-1.0,-0.8886340805145718,5.038021695773056
-0.014403398599684758,-0.5305922178766589,-0.31989731024974355,-1.0,0.008490378997169978,0.46839960360226496,-0.2359298327681506
-0.39167757058839436,0.7959856796311578,0.42392845914853394,0.17338583776701916,1.0,-0.9881293724301976,2.461611226462693
-0.44007127326805406,0.8390719774717038,-0.6409062406276174,-0.05339958166196146,1.0,0.33284359627591975,3.803785611492504
-1.0,-1.0,-0.9658015337898251,-0.39549505836908305,0.08831357385290217,-0.8650485957354689,2.2067997698757513
0.9661067913150663,1.0,1.0,1.0,-0.6801101185662914,0.405585329637421,1.4906048986876572
0.6348292422392742,0.735781129750666,-0.5321523427509649,0.8038021111355166,-1.0,-1.0,6.102318769281733
-1.0,-0.7518543712740051,-0.3492159657577234,-0.9724314130117162,-1.0,0.2460223434408514,-0.8341856002705272
-1.0,-0.8220224276392651,0.03734855056062933,0.34388596007329053,-0.786222637539282,-0.29910841465212545,-1.400758440858509
-1.0,-1.0,-1.0,-1.0,0.42784065536135285,0.9421805611034837,-3.680948805221413
-1.0,-0.31061867641344754,-0.3556801843080327,0.9722509117866208,-1.0,-0.9969756662481322,-1.2731454569017804
1.0,-0.24837097890431287,-0.6776139696758849,0.34065495264233325,-0.6666391395804274,-1.0,5.559549284396733
0.07860724740751351,0.776756972718991,-1.0,0.3809674005312912,1.0,0.9583522563123408,8.474806544499105
-0.6056393617489624,-0.5127595426431935,-1.0,-1.0,-0.5373878898886018,-0.4708480774561101,-0.8163352310302553
0.1947214861157266,-0.7970526856853664,0.2991583748904983,-0.44034147757972214,-1.0,-1.0,5.7878793347909
0.2724953553190327,0.9890759093028123,0.6439530334027463,1.0,-1.0,0.721263826466503,0.8386671275188744
0.3916175471492296,0.5041296695237545,1.0,1.0,-0.7673988663392284,-1.0,3.206597924977013
0.6584557946649845,-0.6819584429082195,-1.0,-0.38754230288421754,0.18141846195328482,0.09230544261030937,0.20628178353656035
0.25844809898236076,0.7403121205401693,-0.12208805824130475,0.2617932462110276,-1.0,0.6338980342173669,2.3323814440886226
-0.8678879255106355,-1.0,-0.27517855862576135,-1.0,0.38389959916829364,0.35953256997703087,-2.454535711796281
1.0,1.0,-0.05547770809753638,1.0,-0.08007151722629191,-0.07770728436502605,2.0293106294568233
0.8147227839035428,-0.5195880918035245,0.9616496231277707,0.2784019367724345,0.34056915421730793,0.4582552000854565,-2.7782448254232537
-0.777474807408946,0.6697712367081392,-1.0,0.2956762213882663,-0.42208426101041097,-0.3526274698181788,1.094275841073748
-0.5032265054474157,-0.9290180300452803,-0.8549974276582372,-0.5635022207152958,-0.7677980940414724,0.8548668169465103,-0.6373674130373951
1.0,0.874747972855634,0.34533976035770464,1.0,-0.378927620950517,-1.0,7.386871625586851
0.7464833743282573,0.9344363646977685,-0.6726056363591556,0.22832968982309876,0.7110028174451312,0.6746168346877549,0.9654737546389677
0.3870915694342979,1.0,-1.0,-0.5310821362027497,-0.7754173787469578,-1.0,3.2363897908391452
-0.2542051930965926,-1.0,-0.20449527540394374,-1.0,-0.5015249410923158,-1.0,5.413192839881855
0.6593657943425038,1.0,0.24814041199410575,1.0,0.33156752951260904,0.4234525411706249,-0.5430891964655263
-0.00657368190872587,-0.5195118461334747,1.0,0.33692469535695724,0.20160736214866903,-1.0,2.772051758407588
0.01956543892812146,0.38634034621252794,0.06712406922623959,0.5433274641039092,-1.0,-0.4638938953326456,0.9210094177203474
-0.8050364264237306,-0.9094505687261851,-1.0,-1.0,-1.0,-0.7654673365706917,2.6945423292996393
-0.2936162732716171,0.24393145569353358,-0.26386820413861456,0.7410485077179708,0.12094221607726752,-0.1464894080740129,-0.13467706746837999
-1.0,-0.6773603858364379,-1.0,-0.3806944026616308,-1.0,-1.0,1.3929899463014939
-1.0,-1.0,-0.4162158902284373,0.015179729608929462,0.05141989556260329,1.0,1.569956841418275
1.0,1.0,0.8044850196623918,1.0,-0.721427121847321,-1.0,7.5373365947828646
-1.0,-0.9191170594064914,-1.0,-0.3183530998218762,0.2477119709059269,1.0,2.4480818613858815
-0.6763534217514331,0.7508848138475644,0.19685081264330745,-0.778873878351751,-0.02899389676089642,-0.5651908928841126,-0.3726723925848301
-0.0008368043586962082,-0.0625657401696409,-1.0,-0.4273682365656798,-0.16688434872994795,-0.20765830401465624,-1.1597716826897497
1.0,0.40951836438862954,-0.07496041007578258,1.0,1.0,-0.32961780079064085,-1.2358710195949119
0.3090308355278393,-0.039940992853683466,1.0,1.0,-1.0,-1.0,1.4958501271544697
-0.08627506568193044,0.8486802077016037,0.15308884465362727,0.5118360574343124,1.0,0.3439643903093649,0.9463812334636941
-1.0,-0.06308581551044702,-0.7237758865928284,-0.6729462008672065,1.0,1.0,7.674262788455248
0.15293612848202565,-0.28587528296097603,0.872018575450457,1.0,0.12860246948396972,0.27779225910991895,-1.4320084945293468
0.4338467911732251,0.7597052578657676,1.0,-0.6167441619877687,-0.49599256674514836,-0.7787812059392656,0.5573924071201923
0.3418016748065752,0.18407536610497177,-0.30907530140247386,0.9120479399399395,0.12058724470915516,0.5885578777125731,2.751548992036981
-0.27631544594662627,0.38406880624692463,0.6741415024890396,-0.3609291092151261,0.3381588313213005,-0.34159606635769646,0.09808622111151172
-0.9438437395748309,-1.0,-0.18441896892529486,-1.0,0.40177453725008794,-0.12230382559144212,-0.1682818753783356
0.23179216163950053,1.0,0.8579003901883282,1.0,1.0,0.833068689225928,-5.564583984523254
-1.0,-0.26037876493329637,0.4087523334872496,-0.9352533377131967,0.5279347337475656,0.2787206555040168,0.6908956136200598
-0.9783089677077413,-1.0,0.3409809711261542,-0.5648114262527086,-1.0,0.3002668494334868,-0.8456201620749072
-1.0,-0.4351329199928885,-0.5060405401106317,-0.4694469326527222,0.6461802371083575,1.0,4.241469673187074
-0.24334190756661334,-0.13478097806495848,-0.8338323408317183,-0.3176964193147389,-0.050274126671459224,-0.7239903620769774,0.481238485590614
-0.1618836915936228,0.7654297541732396,1.0,-0.7481881412001676,-0.8896313499223437,0.8047011367622434,-0.6312492014442733
1.0,0.0022306100755251634,0.3463149493571156,0.980127955250222,0.7009479790369629,0.4436692049411364,-1.7216875666744176
-0.544457415583025,-0.967256318518263,0.8150512428287089,0.7062380184461408,-1.0,-1.0,1.2449060014195306
0.5785262532670093,1.0,-0.7248152018282082,-0.2889322963976828,0.06237704757499141,1.0,7.431240991064395
1.0,0.8757775982268976,1.0,0.9271691674451428,-1.0,-1.0,9.192691762212489
-0.41538081737259286,0.7717836399802156,-0.49583839579716293,1.0,0.4876283304816664,-0.6575902382617512,1.0865964909734211
0.13055314824515474,-0.1571490884928482,1.0,0.7479917522046222,-1.0,-0.17434708340712357,-1.0302181748360573
1.0,0.29356574948189984,1.0,1.0,0.47222843994812447,-0.2982106467646598,-1.5428762691963358
0.716152630585735,1.0,0.028540669914532357,-0.6490919860518325,0.8948471192480674,1.0,5.224732527613249
1.0,1.0,1.0,0.5512495906549055,0.1936435632763409,1.0,-5.4555142560344825
-0.17038936566102536,-0.8902080729165811,-1.0,-0.2416142628138478,-1.0,0.03699750554487696,-2.028545529494829
0.8768860065255084,-0.32814327578892977,0.7691713141113621,-0.6462777046612252,-0.22211791152619198,-0.7905143651494688,4.730439516554075
0.134610348785546,-0.6013339529297985,-0.6361194182586061,-1.0,-1.0,-0.7363043263088498,3.3495203390572827
1.0,-0.3418176534955213,0.14646733188099237,1.0,0.7535198837039814,1.0,1.1191941022330991
1.0,0.005941473852490886,1.0,0.04930403167209807,0.5459953353524696,-0.5367412278879998,0.016694248005488077
-0.3597324211407338,0.9706760686541394,0.10292243312454274,1.0,1.0,0.8033691877626594,1.6793655918461865
-0.8586604151812396,-0.1591551566602447,-1.0,-0.9188202980020249,0.9686848696423105,0.4120529298467717,-0.25372414400258947
1.0,0.5205988279285347,1.0,0.43079518536649286,-0.830636375850933,-1.0,7.571618599594109
0.6063525812342299,0.15170882807729935,-0.6389707136970115,0.6954777668631277,0.0936350903914489,-0.07524307445347111,-0.5186428685290636
-1.0,-1.0,-1.0,-0.32936239743409046,0.5434342163348103,-0.3954904669198607,-3.050071627801657
1.0,1.0,1.0,0.20027709091898172,1.0,1.0,-7.980634195133883
0.44628952459492766,0.47287329895010444,0.1491791327038432,1.0,1.0,0.6841048040110044,0.8742954578046698
0.17826964710683213,-0.19652030743090032,0.1844450971481888,-0.3640106339164175,-0.667818224706275,0.9554920487724766,2.111926676253833
-0.10016449009874744,1.0,-0.8442232107581444,-0.6117591432753158,-0.10735169112491794,-0.09580810818153762,1.454602924282436
-0.015146998749744844,-0.8365002542394848,-1.0,-0.5120149171069195,0.6492607250765344,1.0,3.0074240679638344
-0.7429002780208527,-1.0,-0.5312192501864665,0.19353568228160312,-1.0,-1.0,-0.7189226786318499
-0.21814805202880883,0.5200447022328102,-0.940945730452402,1.0,-1.0,-0.37373912455562186,0.09651233859592334
-1.0,-0.37902877158068704,-1.0,-1.0,-0.06544451909384674,0.30181606130703154,-3.3048473747824296
0.37946852481649906,1.0,0.5980842417967625,0.8970608645060265,-1.0,-1.0,6.003156186086115
-1.0,-0.07049259104584482,-1.0,-0.4373639200358267,-0.42096537302329695,-0.9952971381197215,4.556700876543856
-0.512616313915971,1.0,-0.029934639164268972,-0.8685392054375419,0.8500947483344032,0.9759701869145747,6.859448085162738
1.0,0.8724118547139017,-1.0,1.0,-0.3197199601398826,0.5334064304090769,4.665825800789366
-1.0,0.4210322053121977,0.028069578913319904,-0.19176618538272794,-0.7099984991925294,-0.9513177664190628,-0.8563701431174351
0.20468420771237794,-0.727864533062844,-0.8693411211510074,-0.7248782463875834,-1.0,-0.42177751849394496,2.0950919706970828
0.320837601041673,0.6664843417111412,-0.08315210770973691,0.3271418822230997,-0.5435523340386703,-1.0,2.6325263244992168
0.6630531365944117,0.7716477579174758,-0.11614238583215575,1.0,-0.3936964332090289,-0.04573962166977921,1.296947274311584
1.0,0.301102443562166,0.696966236852687,0.4975176627069896,0.2344174123685674,-0.30460713075416296,0.4404947798309058
1.0,1.0,1.0,1.0,-0.056697063349254784,0.5679382652145436,-3.1785577763692725
-0.6239702121260233,-0.4181330937161041,0.061466065599197095,-0.7737324712107319,0.01328517464390222,0.620396595964063,-1.0895288986526692
-0.8191518164632967,-1.0,-0.4942430284156822,-0.5640749650754224,-0.048445138100379204,-1.0,3.4037999780206087
-0.7791429153058197,0.4654619575656307,1.0,0.3906942322151225,-1.0,-0.3998057268176469,-2.3702252140646567
0.7195055209469422,-0.25071139370620815,0.4079145159529556,-0.8475081814109766,0.6700095774992008,-0.5823405447930297,1.0439005142782745
1.0,-0.2555719540286873,0.445231622045353,1.0,-0.544665126862943,-1.0,7.85510963503684
1.0,0.19919717420050642,-1.0,-1.0,-0.9032806353574554,-0.36485972473553074,4.387641903280148
-1.0,-0.5482885395146091,1.0,1.0,-1.0,-0.03416686514720006,-4.136890468184474
0.13089719338636313,-0.09291185998472656,-1.0,-0.47567876126016206,1.0,1.0,5.0948399782439076
-0.29103636553983747,-0.03206057023495168,0.43861349486735257,0.9117608052672277,-0.13244817819131316,-0.7115569235707546,1.4177875163126132
-0.05358439847262669,0.9347767615286088,0.011113571963538904,-1.0,0.32799873844983896,-0.5960084874280184,-1.2635239776822826
-1.0,-0.3343444529777171,-0.08078192840588505,-1.0,-0.4945070245848421,-0.6311250607947272,0.9598550065426799
-1.0,-0.6273286250269656,0.47069922639840767,0.38799901871286213,0.10958624463021488,-1.0,4.3121105113449545
1.0,1.0,1.0,1.0,1.0,0.6351903092553547,-10.37493367736426
-0.911535143762722,0.06819963973980968,0.19203976224620023,-0.7519962271688354,0.7488826810835482,0.6043808097875738,2.8614396091864513
0.17682917711392387,-0.32628356587724405,-0.08799056967237895,-0.5419508032170237,-0.8959399168879556,-1.0,3.185123483270866
0.28122911292958025,-0.04337745986234908,-0.5142130477862077,0.48271663029683765,-0.21615464794502987,1.0,3.9197773515040915
-0.27673791049864094,-0.16598968616198817,-0.7845062919041228,-0.8199028085292188,-1.0,-1.0,0.43501358090418474
-0.18050997266508145,-1.0,-0.9994617322238915,-1.0,-0.9459496514013614,-0.17395449861247572,1.2015966531462676
-1.0,-0.4891388988503477,0.22386637468137804,-0.0780192404182749,0.6539056242453298,0.5156836482123057,1.8143287952842058
1.0,1.0,-0.9274589608101104,-0.3195336251104549,-0.15076403353289233,0.7279603436695168,5.490110737110654
-0.0045315760396347216,-0.9159429650608397,-0.589335271542516,-0.4627508380221912,0.8672253793565307,-0.7020268965406149,0.7037082686815895
0.4847602278073353,1.0,0.8510772861530511,1.0,1.0,-0.18371572869262168,-5.279821277653148
-0.43906476841913,-0.23764891412348366,-0.7269367220971261,-1.0,-0.8218908789033894,1.0,5.9681581483604855
-0.14268260126002721,-0.8684068454240038,0.8413554868595209,-0.4264894556716479,0.24427318420395644,-1.0,5.674728563477912
-1.0,0.30917761437691454,0.07600725506956518,-1.0,-0.6553191660324581,-0.983741635327499,-0.5854566009828659
0.5359009300523625,-0.6483623369239564,-0.019485128568706322,-0.7386614413796251,-0.6491326455580839,0.2818329271790939,1.52602552854683
0.7655641228265725,0.23276493361230544,-0.37836942384509104,-0.415402354519921,0.9525161543909139,0.06707759340770791,-1.9274433138314144
0.05529409928224022,0.8419592633229404,-0.5974618153535229,0.2144808271063161,-0.4393012535399281,-1.0,3.1907826316280223
-0.33771920125525745,-1.0,-1.0,-1.0,-0.5653081992601222,0.42256484808010353,-2.8041236719503235
0.15473983589974144,0.38324316601345554,-0.5718028116761935,-0.227055284597316,0.2396108989103447,0.7597532573330978,2.6025764510394263
-0.7698302552028464,-1.0,-0.1575120022190475,-0.7389038446663299,0.5326207403223489,-0.2486381803545359,0.2133183153828203
-0.5978016689390226,-0.1964297081250732,-0.2591336030826632,-0.3767326587759816,1.0,1.0,5.6559890537369
-0.7727356288778492,0.14852658247209932,-1.0,0.5131147625411612,1.0,-0.8304894030608472,2.221705459693623
-0.3951503639539591,1.0,0.4142356713573654,0.17679198471002566,-0.14889917780282325,1.0,1.1172968758930788
-1.0,-0.8972610926822536,-0.4273080822430117,-0.32324219268045634,0.8188177792906709,-0.5034039113237465,2.3792167969301294
-0.17087641862699632,0.7892364247288858,-0.9365129764836164,-0.8891287713073129,-0.757554505040644,-0.8938259135135811,-0.20927053034637583
1.0,0.5712539570286919,1.0,1.0,0.788830537647459,0.7588791021207433,-6.966167267585469
1.0,0.5733420816193401,0.7636460024540968,-0.2398595297130368,0.02180003492634669,-0.6084746340099365,0.9078347842871142
-0.218940582038536,-0.23183984450293443,-0.8368214768062864,1.0,0.9294251732390495,-0.9099361477539034,0.43139812849645964
-0.7934626290574024,-1.0,-1.0,-0.016456697201098214,-0.9532517854071163,-1.0,0.6670858948172337
-1.0,0.04634525716568719,-0.9996579688424871,-0.5256754293106728,-0.2601455284636215,-1.0,4.98350746814482
0.03701668920027357,-0.375684985740397,0.9287497172257653,0.9592072267819631,1.0,1.0,-0.6780282353423042
-0.3750442388514439,0.3470147897222906,0.7214757981958722,0.9754454076389822,0.21830834295357227,-0.22129230783558618,-0.42989894585181876
1.0,0.7297486372604673,1.0,0.3674627308033769,0.614147736087038,0.29111375798195005,-3.5108111811690903
1.0,0.9577417441257736,0.5319656777340356,0.365435818316251,-0.7157556822431528,-1.0,5.6601014380792485
1.0,-0.08003772961655686,0.869421354351993,0.8594529893605375,-1.0,-0.7395250014948385,7.876800783773904
1.0,-0.0720011173043636,1.0,0.39748829221638815,-1.0,-1.0,7.144666483319884
0.4170113193805677,-1.0,0.4187399270149781,-0.4453997489174474,-0.16491362653661845,-0.3140490399129483,2.7573467320565794
-0.08231428193344342,-1.0,-0.2512571811622214,1.0,0.05673436976479526,0.6705184580934554,1.5990728271838814
1.0,1.0,1.0,0.7748257171796044,0.6165808016625143,-1.0,-2.8569745832369935
1.0,1.0,1.0,0.5773818049315802,0.3153256631664827,0.5744893285520463,-5.062150002118247
-0.37908697827327176,-1.0,0.2785378784385009,-1.0,-0.8758627845427792,0.48959382927482753,2.9203000188811
-0.8364549753652527,-1.0,-0.09195276357779236,-0.612066690476792,-0.8954541531111206,-0.10245572440250718,0.5523904867606804
1.0,0.11514499623917485,0.8592512899029616,0.07386376208520717,0.6739166146645872,1.0,-3.7445398439619906
0.2714153835763786,0.16141163429913089,-0.16229997748064684,-0.4779611158030358,-0.8586660609841626,0.00015686563220246308,0.9153800262536145
-0.15175619673339813,-1.0,-1.0,-0.8968778983099979,1.0,0.23880326076582759,-4.724119011958731
-0.05724172851275333,-0.6821445647440714,0.09843148213409669,-0.32474536109529084,0.34095521757837266,-0.716881407170759,2.293287270557959
-0.23804224894023474,-0.20831422057957494,-1.0,-0.20403340341161358,1.0,-0.17642641292216532,-0.7204250415554654
-1.0,-1.0,0.2851562766433999,-1.0,-0.11348448393686228,-0.7383202240495914,3.9814653521469943
-0.9443672826526194,-0.2075689468279166,0.20548731212201615,0.9007751892841224,-1.0,-1.0,-0.4333791840682511
0.9604464620283155,-0.19597614635887983,0.43693677267676384,0.4691318492937691,-0.4885486010403855,0.9486512599736517,2.8596460512562794
0.8957560034711536,0.5153583912295983,1.0,0.13769297195216645,1.0,0.1865103473280632,-4.036784754050078
-0.03267414132103574,-0.21775022377419062,1.0,-0.09596904381179033,-0.23685701634929446,-1.0,1.9827435438934748
0.7207596160479671,0.28178851565129137,0.7780507186168236,-0.804050813834553,0.4898932972957388,1.0,-1.118584269400256
-0.24467729514725636,0.23119732438119567,0.31371487709217694,-0.2177868578575825,-1.0,-1.0,0.27717896302218026
-1.0,-0.23793039072627442,-0.659903905093294,-0.16612908400135273,-1.0,-1.0,0.6638848624324022
0.9764819058274448,0.513272503526666,0.7933645153208837,0.7952442272625806,-1.0,-0.5417433065005256,5.428146675512289
-0.34387178937782714,-0.29277533994421545,-0.5398500045388348,-0.7172369538486019,-0.0820668987195805,-1.0,2.9270220912372817
-1.0,-1.0,-1.0,-0.09024234598682823,-0.7354875592053679,-1.0,1.2872956709360825
-0.2402545059277943,1.0,-1.0,0.652931035184079,0.25807524353322364,0.585220532040269,5.758421046207332
1.0,1.0,1.0,1.0,-0.009308923746893905,0.8962431086825758,-4.518677774276006
1.0,0.6912590286308848,-0.630968391869394,-0.6677657555856217,0.9564472912008497,0.41663998884073483,-0.6214076666303137
-0.13667531616921624,-0.1505518628323088,-0.9774512522984571,-0.050037013492647275,0.26463388880447614,-1.0,4.558181479680728
-0.9572016393835487,-0.8387894320681083,-1.0,-1.0,-1.0,-1.0,4.598488931352076
-1.0,-0.3570277357983311,1.0,-0.6676539539337263,-1.0,-0.6155516001487791,-0.1913947441958208
-0.3643697240441346,-0.4496755544629727,-1.0,-0.7112766726619333,-0.4966710421202987,-0.7586597822079322,0.38552116327384933
-1.0,0.15757695598049493,-0.879887044658783,-0.504020976639364,-1.0,-0.17382386429010932,-2.737009814723691
-0.7637452040203991,0.4164267205558953,-1.0,-1.0,-1.0,-1.0,0.26915379743866663
-0.11552434301415618,0.2340962444894763,-0.7990587143974559,-0.9234531685760238,-0.6199902447656911,-1.0,1.2871176798789445
-0.5324467808809163,-1.0,-0.9930638855904166,-1.0,-1.0,-0.39922858004167594,0.3241283959198993
-1.0,-0.7056285552089511,0.8328837199913045,-0.16793796911194248,-0.6552741156571351,0.5110849035472558,-3.465647902105389
-0.1508641983421195,-1.0,-1.0,-0.22855513732611543,-1.0,-1.0,1.0315295066279928
-0.5475339271413755,-0.4765334201939604,-1.0,-0.6969023006919002,1.0,-1.0,4.163045507267746
-0.08497796285919568,0.8558418493173936,1.0,0.3589194487160422,-0.9160978984124785,-1.0,-1.3908051260619856
-0.0458751521481251,-1.0,-0.4992954371330648,0.6049608690249595,-1.0,-0.30780784402613404,-0.008987961252050036
-0.875693097227042,-0.5499102278684719,-0.7868818401132254,1.0,1.0,1.0,7.7368404931469525
-0.6355677911109301,-0.8126507765552436,0.6789471955637698,-0.5122383600903109,-0.23792892640127183,-1.0,5.126920435924972
1.0,1.0,1.0,-0.2899669314759274,-0.836071524820723,-0.7386637854367863,2.5251660010733414
0.02966494457272084,0.9586745979822644,-0.5999439446211308,-1.0,0.5370238975520754,0.3342475192665887,2.8842653516319823
-0.0981589242804427,-0.4227932902903481,0.4573797606512453,-1.0,1.0,-0.5604735533765643,3.3704332620843487
0.3035524479300077,0.6865511203609843,1.0,0.5778163908675128,0.2684725700410224,-0.8415213798982084,-0.1273129030311952
0.3647759558184196,0.23867050295024472,0.10830869167588864,-0.5155040405491514,-0.44409514381479154,-0.6013543687160139,1.4696348382820124
-0.9443552107782532,-0.18622940079766526,-0.6196462082690584,-0.9883702265180372,-0.7047399378739378,0.14636445201574333,-1.5397783829139418
-0.9687582220699447,-0.4020602551119017,-1.0,0.5985769652004956,-0.1690482545261851,-0.6906300917309405,0.9409271581313661
-0.03441342493264987,-0.16857130516676538,-0.32955118915284487,1.0,-0.15666413102838062,0.8517009069028847,2.8324002923524727
0.3744911411404588,0.5680428527238268,-0.05305729286729781,1.0,-0.39333294230244265,-0.8054247410806243,2.2073768509198004
0.4916278545102604,-0.6155255477238366,0.3342447538144453,0.13058379532135916,0.9398247171017465,-0.17870467668699452,-1.4278561340920186
-0.21731940161591223,-0.3003414731671979,-1.0,1.0,-0.10250755988740012,-0.6850004602822707,-1.0756190876939584
-0.20957825119536427,-0.530041747223978,-0.8327607511430968,-1.0,0.0144713771055483,-1.0,4.425084795301519
-0.45977794944649153,0.4343835939008091,-1.0,-1.0,-0.7438754257537499,0.562269514345958,2.623865987689655
-1.0,-1.0,-1.0,-0.6546048971916518,-0.7960581034030192,-0.6195223778409242,-1.237945153199188
0.1325599687365927,-0.6344255662808036,-0.7260483192374805,0.8691729018885546,1.0,-1.0,-1.6921452986695975
0.5135318975309705,0.9076173695635608,-0.20214328659102263,-0.24297339528621975,-0.6997021900200245,0.48950553069170916,2.9448284091520045
0.29638512318792226,0.3205050474184402,0.05527909539330668,0.9324476022939099,0.5793266398737904,0.3006771582511164,0.29889937660186294
-0.13893816749851273,-1.0,-1.0,-1.0,-1.0,1.0,7.191818328293229
0.7549536028467441,0.9862672222771239,0.9371983577438627,-0.6132947286891369,0.005504022425856014,0.13450951224825813,-2.924753765366026
1.0,0.3672502174804315,1.0,0.19985853406295617,-0.47755705684587935,0.1323738547589878,1.396123890957751
-0.1538896734202438,1.0,0.258867883829504,1.0,-0.5192961504945708,-0.9309399188961867,3.5429491388234506
-0.3010500198492495,-1.0,-0.8598867579827754,-0.6451621528936264,-1.0,-0.7189856805875421,1.1801127973916161
1.0,-0.23185599292131742,0.602591813879465,0.48024296407334055,1.0,0.17616545275976767,-2.5491405005027445
-0.27543814972823144,-0.8324725060606318,-0.1756181521987623,-0.820235191207896,-1.0,-0.2720619692840327,3.3048917375225235
-0.02956525336945426,-0.5294382476882653,1.0,0.6462408342914365,1.0,0.9874360090006202,-0.6154158067020368
-0.9556564802957561,-0.23372032749522764,0.24423912516627277,1.0,0.12522801365822067,-1.0,3.2253864187255434
0.15909660248890944,0.20082491155503446,-0.5595318205136206,-0.4215866638992546,-0.6778912306232283,-0.6182860497410638,-0.6256320322716248
1.0,-0.23883236157851018,-0.616016378685933,-0.1299306844802735,-0.14771037142113963,1.0,3.3074864319555837
0.3295282326520863,1.0,0.9197165789499073,0.16115713982415936,-0.49862731164717966,0.5795837583776187,-2.2859724669548003
-1.0,0.0540744711906489,-1.0,-0.20067601506031907,0.12356235380615987,-0.4929011075032609,0.5116873674616857
0.472515649266938,0.39930053170158897,0.7629223071969216,0.3651611056389677,-0.8407681271771528,-0.5492188142594017,2.0974093283273367
-0.7127589221700352,-1.0,-1.0,-1.0,-0.9658963149214109,1.0,3.198112296515385
-1.0,-0.6825431519138943,-1.0,-0.48712280273351594,-1.0,0.41645668815398523,-2.7346156831663375
-0.0428300321322167,0.008901580015009514,-1.0,0.24403760770739202,-0.2967836207914231,-0.9435785830041691,2.740744090537755
-0.6474827373188213,1.0,-0.2656447928700005,0.9399955897817716,-1.0,-0.7857768623353856,1.6528602336707814
-0.2526120761948368,-1.0,0.8413180032500793,-0.2628236267603494,-0.2694022529434801,0.14386808914873342,0.7281764948996726
-0.44251164324614733,-0.21169939353436107,0.19127265979613273,-0.9219371915803908,-0.48379583653358815,-1.0,2.355312682578883
-1.0,-0.4679227463171268,0.8400285768558196,0.05765815441804212,-0.6513038130898661,-0.19111092241889002,-1.6353818137666425
1.0,-0.14134822353110735,0.2597924825622065,-0.6488648102294916,-1.0,0.16346503418454716,4.239466397006096
-0.4473369031804746,-0.4722702739814799,-1.0,0.058691158493564155,0.4979120124710412,1.0,7.8035709382101714
-0.030184638536543185,0.8028349267961518,-1.0,-0.9502388553083524,0.7453689459989026,1.0,10.82586074783564
0.7316745600469685,1.0,1.0,0.728165735941493,0.7864006972941426,0.3607537791869026,-6.478056733046281
0.14189656026184183,-1.0,-0.6734389404710719,-1.0,-0.19407213384278227,0.12842193690993337,-1.8109604678004207
0.22930986837393225,0.4036589827689888,-0.6328425808202772,0.16480948560861086,-0.2053641972251793,-0.6266170004887193,-0.5661301197800562
0.8462180094947098,1.0,0.3790583422238287,0.26918699063399054,0.23476085360085786,1.0,1.592020077687529
1.0,0.33244959361387594,0.8382374999292619,0.6555675580031828,-1.0,-0.6974070335692352,5.665895408885009
0.7784985805068112,-0.9224475641301959,1.0,0.946402616489683,-1.0,-0.19477466777422636,8.023831981919324
-0.29490889065646436,-1.0,-1.0,-0.6488814167037428,0.38117268729899906,-0.16618312309702288,-4.167454031179516
-0.740321611479303,-1.0,-0.6803334456680845,-0.9223763721029122,-1.0,-1.0,4.563158499469715
0.3786750091598544,-0.8370845440252902,0.16631191941932377,-0.011882524386794824,-0.20708976064742102,0.893618526754625,2.2972307123169253
-0.7519832040060134,-0.34687872359135075,-0.37382377026336877,0.267844612201463,-0.941250593882724,0.47384075622467514,-1.8632206874047221
0.5928876237205006,0.3042159218138012,0.19450467364078844,-0.02194805769415553,0.15375799284092279,-0.4703900258213548,0.4471865625402623
-1.0,0.8353254443585154,-0.887656536955715,-1.0,1.0,1.0,12.40882965961905
-1.0,-1.0,-0.46312220723670194,-1.0,1.0,-1.0,7.637336650272874
0.12881612512758828,0.3915732961841392,-0.5391976863215218,-0.2996217898166123,0.36984714623946946,0.8321234120198988,3.640760992582103
-1.0,-1.0,-1.0,-0.9086265653103367,1.0,1.0,-0.6718862329621773
-1.0,-0.12946531706867237,-1.0,-1.0,-1.0,-1.0,1.227950962187557
0.4024700394774673,-0.39668279749670643,0.11972464294460405,0.2719390701796057,0.09402092899213499,-0.9715903334828997,2.9692531614731434
0.7498723560923324,-0.9048639170658677,-0.026944542939504434,0.2964582175637309,-0.12741051102616852,-0.6763973622692863,2.2136321324726396
-0.6379452816682456,-0.06275205064298672,-0.2597154613191873,0.6073593625581925,-0.6587599577540273,-1.0,0.017723883827408304
-1.0,-0.8080045520814343,-0.4511274766083412,-1.0,-0.4524358472047366,0.3130261275205652,-2.4915711050827647
0.9477244323188463,-0.09298203606348032,0.4600038034625338,1.0,-1.0,-0.44663244529186785,3.7750935532351217
1.0,1.0,0.02376357052455713,0.38744524006360237,-0.9273070431374335,-0.9070252095782605,6.849899140412233
0.5775205848021799,0.661070336725043,1.0,1.0,-0.036987905812612354,0.6296909651616593,-3.1174216343537684
0.9180389406063056,0.5945438616775875,-0.325810041404006,0.6863312991940115,0.26316265003694195,1.0,1.960041297578346
-0.3363352245161618,-0.09226512517009733,-1.0,-0.9505341320820334,-1.0,-0.13910046699240103,-1.3791597882749904
1.0,0.7812567815981304,1.0,1.0,-0.2626077308709844,-1.0,4.351278105024194
-1.0,-1.0,-0.42352089279726757,-0.7968177906597185,1.0,0.6143779054565106,-0.9832267772444192
1.0,0.3711857906370605,1.0,0.22362311345576125,0.8747958056727144,1.0,-4.852469829337011
0.44429091580995356,1.0,-1.0,-0.4867020111525898,0.4089201805907178,-0.6976807609784716,0.47181522503667106
0.07420595350052384,-0.5314666429236352,-0.20432063021670088,-0.4748254593053096,-1.0,0.024775427291683416,1.9540295658477325
1.0,1.0,-0.3317627595838274,-0.2787560076381311,1.0,0.5498982451999761,-0.03410338030740212
1.0,1.0,-0.26501319426164976,1.0,-1.0,0.4858803058499259,6.773167461878089
0.21639817067256573,-1.0,-0.7889317461889521,0.49778267081317673,-0.714621492440794,0.27312147421325156,-1.1117258223955129
-0.137828032300498,0.5339853631750362,0.5784759472450319,-0.5870680787674445,0.8088044685212067,0.9668292198151285,3.1030186504420127
-0.46694272149873134,0.46996467491734556,-0.025946008851082225,1.0,-1.0,0.10677665184617913,-0.23735642109549124
0.9193726142853447,-0.6150412875563473,-1.0,0.8050437962907273,0.4177807064791633,-1.0,-1.8393542335771396
-0.7149101454418897,-0.7232515898619132,0.24740007581473855,0.9282069090390931,-0.4587593319785366,-1.0,1.8787564731582096
0.002113000389661668,1.0,0.7961077361759279,1.0,-0.5382275010885036,-1.0,2.394716082200508
0.0272139187975029,1.0,0.7526458021734259,0.1762312511150561,0.5378158980424368,-0.4047359248550636,-1.7195017838076954
0.8482461960702603,-1.0,0.7375284638673311,0.12544096392369697,0.3199127217985642,0.05161038056827427,1.3327187584672617
-0.4930781830937108,0.49461229395240547,1.0,-0.02889945464417376,-1.0,-0.3069847668950145,-1.8537967474356118
0.5625254806463053,0.03197608720629341,0.2395256684347391,-1.0,0.9208475956077566,0.14089243254702466,0.8011401901705958
-1.0,-1.0,0.42781178058635905,0.03325778737659835,-1.0,-1.0,1.0128892466905743
-0.39543741637212876,-0.4629567418494338,-0.3656865816552839,-0.7933875732866531,0.14502306308252066,-0.26836006798326956,1.473881418439746
-0.9637086154163925,-1.0,-0.14805423567242795,-1.0,1.0,0.7772403823670107,0.5233949765024473
-1.0,-0.2443983701547412,-0.5104511087272834,-1.0,-0.7715635027678793,-0.18054325165186091,-0.6007980543738367
-0.13796380962782942,0.6452575129120464,1.0,1.0,1.0,-0.12425228727247722,-2.8818444442739457
0.9359355781694094,0.22061326200017017,0.3912230934340817,0.28852316825404123,-1.0,-1.0,8.057936855569492
0.3548931665899915,-0.8348557452372422,-0.4074359098953404,-1.0,-0.8107118470672245,-0.9084548308586093,7.884958385830057
0.7782528791203747,0.6510345284368271,1.0,0.41762336150225576,0.29307836761900385,-1.0,0.928310481000841
-1.0,-0.0212890896989808,-1.0,-0.2612382248027669,-1.0,-0.9912449445318068,1.2373109496890844
1.0,0.6691432995254605,1.0,-0.2247530140759536,1.0,-0.5740261590164504,-2.5946539151412127
-0.37137651738727084,-0.3700515953138314,0.8166558991858199,0.15144241899986058,-0.9756616961024176,-0.03509280145593774,-1.6561697066985102
-1.0,-0.6654642977921394,-0.03691646263026804,-0.17722606134563668,-0.8836517198514344,-0.11858267616557433,-2.235719588418987
-0.5905485180856127,-0.616678068148407,-1.0,-1.0,0.5649434520944394,1.0,3.1483001558612664
0.4712440048346139,-0.8764110983245152,-0.8406065629901327,-0.022849262141665196,0.6828615762550257,0.09230448771251853,-2.539502593452352
0.6789239052567966,-0.6706859778646495,-0.672917307532054,0.2543738492886413,-0.5337992101225673,-0.12965328929779463,-0.1144443505099767
0.6454953081801706,0.2888664835799498,-0.9799727963721528,-0.16420016727014622,-0.9572915155997002,-0.31706107821066104,1.2211475991746423
0.40441171849530466,-0.7517882755545513,-1.0,0.7554792636625938,0.5285815419734904,0.739290868383981,1.0093358530861272
1.0,0.3204644921407377,0.010830253211424418,0.7842066959191425,-0.43927142475066444,0.6581905676955969,2.1450832850759554
-0.19158880021832236,-1.0,-1.0,-0.6867382856112931,-0.4320633684618904,-1.0,3.1924911438257126
0.42610320704356097,-0.17269568542291225,0.949616635771578,-0.22556489933443646,-0.17180749425183586,0.6040636075644112,-0.9719976571303339
0.3926566332789818,0.5837249420116615,0.7314513854042782,0.948075213119397,-0.774299612796693,-1.0,5.328900645423784
-0.7583648576603824,-1.0,0.8960632867105945,0.27833928226938487,0.06795480307249194,0.23821834926790958,1.4728973140384825
-0.6621859711955633,-0.34605140174360266,0.6137466568508528,0.396133684315887,0.4295832751938951,-0.06951143757397049,0.6265137906889584
0.07707360103396632,1.0,0.8617415077165671,1.0,1.0,-0.43526496987203667,-3.7053614179658436
-1.0,-0.810626093583813,-1.0,-0.9885784609580406,0.2209329401884692,1.0,-0.5656965371063885
0.27188449982725826,1.0,0.25636719174896894,1.0,-0.1920717061707185,-0.46857554972787246,1.3384366597911008
1.0,-0.7544438870357082,1.0,1.0,0.39689953626414154,0.08561192093488801,-0.864274692918542
-0.09802794433242779,-0.5238564987959361,-0.08973165853987575,-1.0,-1.0,-1.0,4.906710013522991
-1.0,-0.9702779390318653,-0.7357490795764378,-0.9122647467606952,0.36339162605876907,1.0,-1.8921048786216639
0.010179915914793336,-0.5830470008917648,-0.8276359018688514,-0.13738661514182704,-0.023015197504999474,-0.9957212771632333,2.6733095453116644
-0.7248103215054706,-1.0,-0.18750058300576966,-1.0,-0.17382930417585218,0.7778768398236783,-2.5769379773566947
-0.922897612264987,0.6540739485815623,1.0,0.9569883151838386,0.3153066141325053,-0.9492846025764162,-0.3191163641823972
0.7536582447590047,-0.025339045313846065,0.43668263911137933,-0.3040365987617446,-1.0,-0.36330269384031166,3.364854639810626
0.2051354694060703,1.0,0.4238116110886438,0.7712373714612217,-0.5073456726707615,-0.0978203870754717,0.2711064237946911
-1.0,-0.4343838668475755,-0.034800677898629145,-0.19302056834418868,1.0,0.3806102771244926,2.1225126587269196
0.6834538917252617,0.4132507244224748,-0.05731469268164169,-0.19392757931516524,0.7414151117351813,-0.39604459789075325,-1.4327925450540082
-1.0,0.6869305226806085,0.35382560873523455,-0.6247452792163503,-0.22446275830885454,-0.5805591801027643,-0.5405332990738124
0.19493554555247639,1.0,1.0,1.0,0.7492370993533465,0.615374965558666,-7.617881372880488
-1.0,-0.7860120806465796,-0.60001940234987,-0.7305919427301795,0.11727503596008582,0.8296632104376012,-1.2223921461842846
0.3964989270652133,-0.20816354985167485,0.2839342424545398,0.24457796018997707,-0.2340481521409703,0.011050067914634754,1.2995794055519827
0.2957644209676771,-1.0,-0.1752037509446327,-0.624193891963529,0.1888858193230426,-1.0,5.132591547000528
-0.4243083697632746,0.436985510311261,-0.6546670297598347,0.1870982375360769,0.304521053514224,-1.0,3.2547274898118057
-0.18287028023767005,1.0,0.1909855927388558,1.0,-1.0,-1.0,4.247159682071578
-1.0,-1.0,-0.8156921072509269,-1.0,0.49662407334665803,0.8382110748110257,-3.3289241686288125
-0.6274766857811694,0.15776863989722256,-0.025838331017301014,1.0,-1.0,-1.0,1.3128883544014018
-0.334573546022068,0.8932360487379342,-0.4555602166092442,1.0,0.677429369468692,-0.9691680542766286,2.554619594713513
-1.0,-0.05882701822398673,-0.15391119485947113,0.013015042175289662,0.22248556890859184,1.0,2.3073185040966373
-0.3688195453422105,-1.0,0.7473161019329925,-1.0,-1.0,0.7804249684702202,3.483146842773208
1.0,1.0,0.8012477257758024,1.0,-1.0,-0.11923714704567234,3.7304210317549
0.005393246125000261,-0.7353615572561653,-1.0,-0.443709454538364,-0.34032732577126207,0.8006258573904773,2.8510465708357255
-0.028237930120049368,0.03852070702236787,0.8600389276848419,0.826669732895079,-0.02678284497072253,0.015232949116880112,-1.1449963016859965
0.038614570137534665,0.25035129694006353,0.05078536498976445,-0.6425510115820179,-1.0,-1.0,0.8177141999745328
0.2082057163700899,-0.9574032363179827,0.0742448466351402,0.3206606827345304,-0.369061610603597,-0.0671358495631929,0.2161489562642715
-0.10851978259348126,0.6077914059899593,0.056987621869433375,0.240143184323379,-1.0,-0.19743882374714117,-0.7622671945224194
1.0,0.0629648007556376,1.0,1.0,-0.7394806467212813,0.06412567079013742,1.705539816003935
0.1611072009043375,1.0,0.715890239821694,-0.5077447158793097,1.0,-1.0,-0.5730107070784167
0.3692445785573726,-0.376475443260687,-0.24166045985211707,-0.0764495837390784,-1.0,-0.7852499891630135,2.7199611947874063
0.41159243355673386,-0.9515792372476293,-0.3221603447475482,-0.512706155952813,-0.6856154228087675,-1.0,5.153317825519501
-0.6335347512770013,0.17411641763704472,0.08383466160923973,-0.323349598675564,-0.25000458383012203,-0.674386238196863,0.7540959405306971
0.8171308347946876,1.0,1.0,-0.6207970643107222,0.4568464008965756,-0.29306627395302737,-3.4693326712815886
-0.6644923253953594,-0.33540214293270415,0.5925807160886615,-0.6143024625116917,-0.9364450450924995,-0.3416901544816182,-0.6363991335547985
1.0,0.08313324843789283,1.0,1.0,-0.2964338595352537,0.5622736424040397,-0.13279174525807558
-0.01559412215835293,-0.07352531125066444,-0.29417334464471623,1.0,-1.0,0.8497912905106382,2.783914199660539
-0.18517309344903027,0.5994783281651423,-0.8434165710415216,1.0,-1.0,-0.32722521388208947,-0.07852179570947918
-0.723424986939302,-1.0,0.3440002173210849,-0.281913937986452,-1.0,-0.026598773466156134,0.6797681230663116
0.8232727649599938,0.5338565591847217,1.0,-0.08088095262102213,0.5610262399257611,-0.20256861860959519,-0.7096078063153931
0.6330297742811457,-0.4932043061403043,-0.3363011492146796,1.0,-0.3175253655605724,-0.21531113696408746,0.9046422434718154
-0.2985579103106937,-1.0,0.1091068417239821,-1.0,-1.0,0.9569296429443189,5.091928571885065
-0.29767192435817413,0.7984238646774554,0.25842161407006237,-0.5773499574343642,-0.33672203332288086,-0.43250095465472094,-1.0925814011498747
0.10388162787030919,0.28020671471158026,-1.0,-0.6155073630472516,0.9548885134481286,1.0,8.05186576961191
0.35790676467937627,1.0,-0.1732857646199151,0.5650529075129679,1.0,1.0,4.077919574379081
-0.09585676523797504,0.871041243484597,-0.7236912354062153,-1.0,0.2725461465610568,0.8995313540388719,7.286963579805406
-1.0,-0.6200827894795682,-1.0,-0.8404796752759259,0.2821145637361296,0.307018752935187,-3.487586884031554
-0.5434221730878127,-0.5681335664152612,-0.8793600758500045,-0.4874876715177948,-1.0,-0.3506038093487329,-0.9535398090431065
-1.0,-1.0,-0.924394498404552,-0.9023761276047515,0.8091493211362719,0.2848076008538276,-5.862719057527534
-1.0,-1.0,-1.0,-0.5495783772538627,-0.5992732616549854,-1.0,2.5710281188198953
-0.4769680900106929,-0.21172795910070985,-0.8978070059718093,0.24252105816246955,-1.0,-0.5018054156058428,-2.341007781302359
0.2822005573745554,0.3981949449909868,-0.554460281913665,0.5109951569772975,0.07878604602791128,0.7416667285563897,2.3231002940123036
1.0,1.0,1.0,0.354392392795682,-0.40131759524759136,-1.0,3.9140088885365154
0.7290486490549384,1.0,1.0,0.8481238815469869,1.0,0.7324690421679039,-8.32681139621185
-0.01403618264756712,-0.5201732058893611,-0.8152251368774787,-0.7197667003957404,-0.7942756038062284,-1.0,3.221452492170297
-1.0,-1.0,-0.2963150285666648,0.2956121947384196,-0.29044199966561207,0.8872391261157466,-1.9527607537982465
1.0,0.12436654998474594,0.537966142973469,1.0,0.7660855655799639,0.005435318659057442,-2.0161545545094985
1.0,0.24965776627710912,1.0,0.14497827473309594,0.8179854174192835,-0.7108362204288018,-1.268893359811585
-1.0,-0.65107050233931,0.030391834958927444,-1.0,-0.09284447016700592,-1.0,5.206137501441578
-0.7893131706950245,-1.0,-0.2572499415574502,-0.8297444150098228,0.5791282613836984,0.02661996521703,-0.6159097869117861
1.0,0.8225450210048098,1.0,1.0,-0.9340589001741713,-0.7173341547985597,7.560621772389273
-1.0,-0.0898165600586156,0.5012479301012683,-0.6487286718009702,0.5841593761284477,0.7938557046511037,0.4706604071442754
-0.47930699656333753,-0.7691532580327735,-1.0,-1.0,0.8378374304393215,0.2933938095365627,-3.0656152178313
0.48729821929331824,0.40785873132413974,1.0,1.0,-0.9161193879389131,0.35452030442206817,-0.41946709202139254
1.0,0.13154939564569806,1.0,0.4615609575123593,-0.3586000454819893,-0.7504126443592405,4.733480599490843
-0.8034739328709599,-1.0,-0.5721069182600993,-0.0648488451733209,0.8227274737302918,-0.11129694466535861,-0.36136687901690695
1.0,-1.0,1.0,0.40844060632897583,-0.10501319371767182,0.596996910016028,1.8137094882615261
-1.0,-1.0,-1.0,-0.005837576432287328,-0.6656735521878676,-0.2753440630812844,-4.867342616726773
0.1451674614223198,0.9311864597423958,0.12381652327899456,-0.03899338363289673,-0.4894975909005099,0.04508359497518,-0.05462942120413808
-0.8443452107107188,-1.0,1.0,-0.8720044606984239,-0.12645242053883687,0.6924439770009441,-3.0704842435058146
-1.0,-0.4302283559178442,1.0,0.2769078275399537,0.20715363489723546,-0.9313289075103379,3.1307737832317417
-1.0,0.42325377414078086,-1.0,-1.0,-0.5002793282381087,-0.64403718451134,-0.493576081316475
-0.3220548398564591,-0.3184457964189389,-0.5014660372436703,0.5727021439658497,-0.3621563044555978,-1.0,2.102864066122655
-0.016162063340664126,-0.3202987243369666,0.3446594289000181,1.0,0.25303451393202747,-0.2935427100347775,0.8696241507589089
-0.45186351382583634,-1.0,-1.0,-1.0,0.27749982362803394,1.0,-0.38466961746340567
-0.5750932467119836,-1.0,-1.0,-1.0,0.35634650847540983,0.4150196095928482,-5.284812434545332
0.7409945367315779,0.6138181907678254,-0.035971212056353674,-0.044093582940459175,-1.0,-0.7014893431103517,3.1842031810401266
-0.10111922280471686,0.0793926569588903,0.11083335377787168,-1.0,-0.3869551225897143,0.44779852613796933,0.3169023115144781
-0.9922088156829811,0.18142254530391122,-0.7537432153640888,-0.6961965295389599,-1.0,-0.21938023710621857,-2.308730089481668
-0.8639466838484791,-0.8747442144549646,-0.006732390461364535,-0.7850570193362798,1.0,0.7520288116082241,1.6774597040810773
-0.32415615965157646,1.0,1.0,1.0,1.0,-0.4424052153143541,-5.893863527966952
1.0,0.3816164846102952,0.13769702991126564,0.6812194406720404,1.0,-0.021342390032791925,-3.1835887289772535
-0.669166254898922,-0.9698657934384667,-1.0,0.38738778526450035,0.6744267672433755,-0.5273671875855728,-2.2429199456231115
0.6280220443775192,0.7218522004791492,-0.9476560751058224,-1.0,0.19862617698625362,1.0,5.82311218644274
-0.8705963241490745,0.22920117239862092,0.11830828263217136,-0.21524090941632612,0.26080646358559445,0.08556878343935392,0.9211157061676609
0.37697585285010904,1.0,1.0,1.0,-0.6758053383512951,1.0,-3.155194392556253
0.7999551261240981,1.0,0.7802807740496371,-0.41050476583868944,0.9386689954720329,-0.05891163260855531,-2.152815464619411
-1.0,-1.0,-0.5538985277662076,-1.0,-0.8262738893934978,-0.39934811514683877,0.724733694355673
-0.7255553304452651,-1.0,-0.26536698394287994,-1.0,-1.0,-0.955006787429008,5.698397549273113
0.6924149125990973,1.0,1.0,0.7782011411419822,-0.3197682792231984,-0.15463424608052934,-1.2188350356504536
-0.2761658603598402,0.779251953263712,-1.0,-0.7463843565596855,-0.6493601752064191,-0.4508909129406548,-0.19784782686596492
-0.08678880521534671,-1.0,0.1802026716100209,-0.36436965514783326,-0.44304600516017434,-1.0,5.649605218448923
-0.5895108966769638,0.48905678532319885,-0.2554302262037975,-0.5289774476130626,0.9053892704222435,-0.4893988636418737,3.3292923019372065
-1.0,-1.0,-0.48466549872639414,0.6255863786901044,-0.2118159038422316,-0.46200406636842306,-1.753864444938396
-0.8993716922982452,-1.0,-0.4448449867879765,-0.06631879940811536,1.0,1.0,3.2377450260743794
1.0,0.4341343957246915,1.0,-0.4710501751624627,0.7619738470647428,0.4035869470552893,-3.0610131723257337
-1.0,-1.0,-0.6076191128345398,-1.0,-0.32548735065172474,-0.9276623855220965,1.8921431690714952
-1.0,-0.4822636203345916,-1.0,-0.005433783993057384,-1.0,-0.2845712870167384,-3.137456455283042
-1.0,-1.0,-1.0,-1.0,-0.1778948958474026,-0.29887931252612265,-5.279179037576728
0.09029113180114445,1.0,1.0,1.0,0.08515492221329317,-0.7160256026476075,-2.709435783259118
-1.0,-1.0,-0.5614414783036075,0.2257902004306681,-0.9371554251521119,-0.29155295933789005,-3.2984597476151514
0.6991457159231008,-0.021397999011706914,0.9476956222399902,-0.7702038534352578,0.639571899716465,0.3723592965435756,-2.2909884500258086
-1.0,-0.35860107019606524,0.02272683015788879,-0.010069551719831704,-0.07567550143021104,-0.20839318766320725,-0.23722576951450491
0.8823055825641342,-0.13719877842473482,0.46881926681838104,-0.7931682549173907,0.6906857025006254,-0.08246313579066733,-2.081121038005854
1.0,-0.08825891394474816,0.010718735999622697,-0.41403620016786,-0.9254571164843731,0.6724988622381011,3.9117938040076154
-1.0,0.41360535628694517,0.3099982537703992,-0.1403031479167987,0.8021869793872715,-0.06711096472571387,2.58957302837794
0.4638731938524526,-0.4530021331891448,-0.7091138098195902,0.998330433185415,0.32011089899059075,-0.24274654540321383,-1.0834451650729542
0.43067724733140755,0.4093943912505696,1.0,-0.41054156649374207,-0.6563855409751882,-0.09811484277015825,0.026102692213387457
-1.0,-1.0,0.180060746656851,0.5491755431051759,-1.0,-1.0,0.6592153618802878
0.10570957538609155,0.790304478819307,-0.29426114095635947,0.921378279218516,-0.4600364881509458,-1.0,3.862153566994217
-0.09842442457463618,-0.6060536808934086,-1.0,-0.25725890960187203,0.21311842067730402,-1.0,3.487185542380794
0.7301769900331958,0.3339422847136335,1.0,0.8266660244174009,0.698783708181989,-0.23867030808012535,-1.337982751258172
-0.5845911266278776,-1.0,-0.880153393483981,-0.12225416648279863,-0.3288179644633875,-0.09877191727534829,-4.14973637283879
1.0,0.6747429606060602,1.0,-0.2135421868392048,1.0,0.3459302405972322,-4.538835987966801
-1.0,-1.0,-1.0,-1.0,-1.0,-0.7716624373191228,2.405957789310282
0.8792283313095717,1.0,0.8804280080480011,-0.22144107831230952,1.0,0.46336780499937036,-4.046361188980852
-1.0,-0.8421899972285651,-0.7315717085299012,-0.3465883618460801,0.6547629149382356,-0.021106092800451504,-0.9097635380733117
0.2673800916995068,1.0,0.5301586036359174,1.0,-0.7535139856595319,0.053164849409790604,1.5863899629616491
-0.4737375849371567,-0.63671724884243,-1.0,-0.11427165508295456,0.1752660334839578,1.0,6.51828487586798
0.713277699835161,0.1912972835230653,0.6263092092346771,0.9637936454954166,0.4284874156967866,1.0,-0.5024703835111848
0.9749406799181579,0.17832648391961456,1.0,0.37397218878811633,-1.0,-0.2523885485567551,5.321314101150192
0.6851335588836166,0.0001067032817995972,0.21105202954885582,1.0,-0.6325771070466837,0.32583375341814635,0.8636245754782267
-0.7291791939662369,-1.0,-1.0,-0.11492854030580096,1.0,-0.43510664797961374,-3.2355646143384122
-1.0,0.5099438513246869,-0.3949477994219066,-0.237324110200253,1.0,0.9328041397873736,7.349392297512088
-1.0,0.3460057464739807,-0.9912835073820766,-0.11593891302437509,0.18283266712393353,0.6157399668197642,3.3758655654471417
0.4221933048656795,0.48634113526569994,-0.5856427956169759,-0.11631363807245032,-0.8030926015183562,-0.16657243907577646,1.3184183825470641
-0.6799008719803862,0.16496330284724836,-0.48724834846083465,-1.0,-0.192318534030325,-0.6400209899003677,0.17422223167122022
1.0,-0.38484427541427596,0.2585432646094674,1.0,0.3590689592183415,0.7992388661621201,0.4010434216490144
0.6064461558702556,0.3356115342700686,0.14011103613545994,-0.889598775925687,0.9942968232052455,1.0,3.858954159965484
-0.3346399550504071,-1.0,-0.48194593801471486,-1.0,-1.0,-1.0,6.290870981656598
0.3811411509826095,0.8159770075984679,1.0,-0.2976398538399516,0.15867592167074196,1.0,-0.11823930799556015
0.8429828456954354,-0.5508816051063943,1.0,0.22529084688147194,0.2582169454296591,0.8995383720257384,-2.578745543019241
-0.10366052896845103,-0.7398593507311906,-0.25783184665684056,-1.0,0.3447789751589714,0.09302722172004363,-0.6417044477892475
-0.009538107273758478,-0.0011740196409136816,0.3378254349695087,-0.04952127228823555,-0.44831189160773444,-0.5221443794611632,0.5223242343337721
0.6052176004612071,0.3371793479188715,-0.7331920165963471,0.29134985594508056,0.9508829805803095,-0.5241165335269495,-1.2873790819343416
-0.050130822942866415,1.0,0.1122349265009559,1.0,-0.4731258983645031,-1.0,3.972758279619035
0.7357379996396195,0.9150677393927675,0.018936794950083796,1.0,0.6204814316895229,1.0,1.3948877681416914
1.0,0.9783402658187899,1.0,1.0,-0.5228665844014623,0.1141485658707449,0.7991444515101866
0.9719058364594472,0.3187707375519363,-0.7275469340175418,-1.0,-0.631509156764287,-1.0,4.194404389784108
-0.46369939218102685,-0.9473372835554168,-0.6184558988716524,-1.0,1.0,1.0,0.909925585916896
-1.0,-1.0,0.8203316520185948,0.591914074848255,1.0,0.9996125111284053,1.9324047348542104
1.0,0.8826084060375106,0.690269377850641,1.0,0.3301605017134088,0.12513528869823617,-2.112338796288153
0.7955307801541108,-0.3243024573359016,0.3719065500990028,0.18468184867851412,0.4473267332487857,0.6182517260147142,-1.6028837546552688
-0.8996543777341369,-0.6022171387802767,-0.5025163585431305,-0.5453680778465496,1.0,-0.6730506739424809,3.5722542529390395
-0.08086423769820839,-0.2924270306217447,-0.27149297239291437,0.3261732941610669,0.12124257892631805,0.2712254456893589,0.47561302171941017
1.0,1.0,0.903490693541083,0.9211398072925772,-0.33386009098842984,1.0,-1.660968637184868
-0.5201279604088269,-0.47921862269706605,-0.20996396674138906,-0.11424511427843365,0.6182360475811737,-0.73586829636586,2.2002052860598575
-1.0,-0.09002320366739602,-0.6384028260387128,-0.9999157598847526,0.8165557247238473,-0.14081787665791268,2.253849820175362
-0.4586558647565723,-1.0,-0.19478932308766989,0.6282790413656848,0.5980967401405825,-0.029361488629664645,-0.003818385900113075
1.0,0.7921030866693086,-0.19173749639818294,0.6263754097875334,0.4850774945888522,-1.0,2.8426691987334323
1.0,-0.09720981131789541,0.5196984626073192,-0.387053323161949,1.0,0.5339209698992217,-2.7249192013108394
-0.3138912940463626,-0.8016598220333337,-0.4709408192636144,-1.0,-0.13597201543551768,-0.7973934322657542,1.8428594929275997
0.2394520537728797,1.0,0.3145998716393472,1.0,1.0,-0.7730955730348675,-0.5876495112011417
0.1222173170430565,-0.010498215115854581,-0.4218377719332913,0.4879378137233104,0.15645142424831837,1.0,3.518426181021934
-1.0,-0.723692036341683,-1.0,-0.222605991513664,-0.7415543431464497,-1.0,2.7433907549809695
0.48550715080703,-0.038599166538230256,-0.7458996110904382,0.030163821317054217,0.7545911865046544,0.7253419855967382,0.19327297175857772
-0.12499706626106527,-0.9515151492323004,-0.5009453081014016,-0.378870267194946,0.20424565707490194,-0.35129817278610886,-0.24047520258057026
-1.0,-1.0,0.32892743666981084,-1.0,0.5974562231382174,0.012265155774436293,1.5884021871046452
-1.0,-1.0,-1.0,-1.0,-0.5310836645078664,1.0,-0.04741946312085221
0.32352417958008506,-0.9637080819147783,-0.11349310501613913,1.0,1.0,0.8453485913618399,0.6246832690992571
0.4924066428348386,1.0,0.426980904302914,0.25670268540125973,0.47029343702856824,-0.2044728651345854,-0.9617425186899915
-1.0,-0.13697794562646648,-0.7661993430825035,0.19829085277382152,0.16446181484361216,1.0,5.499814655236048
-1.0,-1.0,-0.3865265385559351,-1.0,1.0,0.3748640242509904,-0.19212993007506343
-1.0,-0.8095274340408682,-1.0,-0.7666039164684442,1.0,0.27896804618275794,-4.492988915720102
0.22835923508325628,-1.0,-1.0,-0.1579348748779038,-1.0,-0.6674448829239409,-0.27735440470479156
-0.236255360516535,1.0,-1.0,0.8169573283483276,-0.4747557132691395,-1.0,6.9922057035006
-0.9398156677343346,-0.23877628877856616,-1.0,-1.0,-0.37167842409253926,0.19968704689585587,-1.5350561586943838
0.07267554100127555,-1.0,0.6258729810015565,-0.7339767696337305,0.1445557660857706,1.0,-0.49580072917033247
0.7951377459221955,-0.4138294002304623,-0.8717418204986105,-0.5796806832829998,0.4593392082171753,0.7491661506512587,-1.486005820101056
1.0,1.0,1.0,1.0,0.6854783518566239,0.09596407139460372,-6.7735514828657015
1.0,-0.03781346046345857,-0.6181898314043432,-0.364928678361905,-0.2468462313238775,-1.0,4.1329882478363436
0.4692790319044539,1.0,0.04564764486127999,0.6076790129578602,0.9202876578247325,-0.8669811273421313,0.7257863499497819
0.3842160074191595,0.7014169744046763,-1.0,-0.7536117488312808,1.0,0.1426004932695597,0.9372232109656067
0.7867338020609986,-0.5759713424118665,0.4932021573973506,1.0,0.19780111198332384,0.9268527578123973,2.5122359102184753
1.0,0.8095189811770265,0.9635709064458103,0.9020027971908187,-0.48274838387861285,-0.8455873593880593,4.926083931479304
0.09726415338761946,0.0931134753480974,0.23395848917312623,-0.2565274424575883,-1.0,-1.0,2.8209682444628568
-0.3777111593623721,-0.13593105939283,0.7446225996523349,1.0,-0.18478328482580242,0.05965280077713808,-1.0622341031711835
-1.0,-0.4032204566986581,0.08756887198680285,-1.0,-0.29289550135133346,0.7575159049321918,-2.460631407198427
0.07296924081531375,0.9253035642112983,1.0,0.42549053457817854,-0.169840293645257,-0.5005484314303431,-1.675591649830595
-0.4996993285538063,0.018451270495371236,0.08390407737334143,-1.0,1.0,1.0,7.014316956020762
-1.0,-0.33770762900445517,-0.15416434517736965,-0.6084839117414903,0.7831659225231283,-0.548711303037078,4.168958410935792
0.6624483474088112,0.7709336939150107,1.0,1.0,-0.48701619598259654,0.677036548720002,-0.7246293997341423
0.3653761442559405,1.0,-0.8319871647323909,0.4572209690685809,-0.17928160326326614,-0.5854436683867716,1.8842591034038152
0.21320190115635573,0.3826239142373356,0.709558686726449,-0.3562040942063805,-1.0,0.030210164305008613,-0.30973067563453416
0.6400336024184596,0.6808702147225665,-0.40395945591780313,0.6224635583066551,0.6492637868791007,-0.7084510315608439,-0.538290915692384
-0.2979374806100801,0.9917470746113681,0.8967727740728647,0.4552617657785598,0.6025153746697205,-0.40572889549224855,-2.0988663699783294
0.3048401981352615,-1.0,-1.0,-0.8369756768301848,1.0,1.0,-1.6157495850344632
-0.18125837195245406,-1.0,0.705982240635156,-1.0,-0.791394525071274,1.0,3.7629466594968455
0.7064531138062222,0.8542808723218595,1.0,0.2907794766711339,1.0,0.5071257254344939,-4.643209622919837
-0.20188368221620334,-0.9707982341614785,-1.0,-0.7980315892715389,-1.0,-0.25397347799838565,0.306888487703052
0.7111969611068298,1.0,0.22711681583392246,0.6555762660460145,0.7809738552732188,1.0,0.4903560718753623
1.0,1.0,1.0,0.7923854969967119,-0.6958632037710177,-1.0,6.330686756803574
-0.24573591325416833,-1.0,-1.0,-1.0,-0.02180453374625968,1.0,-0.5063789407126174
0.026155825030772628,-1.0,-0.8154021406476402,-0.8312901340385093,-0.9377427129919068,-0.7520751109515846,3.9560404415745487
-0.23453710294222135,-1.0,-0.14382539261415228,0.4625324903014968,-0.5520154309700537,-0.19820754592477352,-0.8512276718228932
1.0,0.8229114106570927,1.0,1.0,0.03471421063712277,1.0,-4.367219246297575
0.3734399277595845,0.15559331925210448,-0.03771075608635627,0.3459805575208462,0.02735815431625277,-1.0,3.821321697901826
-0.11330362837422792,-1.0,-0.7527749420531211,-0.33916112226862616,0.7724873471275343,-0.7889394015231181,-0.5390175540543966
0.6338629655498329,0.7595711207624938,0.2630608835286481,0.9857555654612822,-0.004083860677146223,0.23941804598301095,-1.0060636502706302
0.2965781181617294,-0.973918831227025,-1.0,-1.0,-0.9034334923344879,-0.8790825484294853,5.7406615961359275
-1.0,-1.0,0.8417470490016262,0.4226813466521817,1.0,0.8488225757394281,1.5751085657795196
-1.0,-1.0,-0.12389905795773393,-0.31898947548955947,-1.0,-1.0,1.1342854935355837
1.0,0.8546314537519687,0.4322442443263249,1.0,1.0,0.21944890121198793,-4.018600140201436
-1.0,-0.4386820437383838,-1.0,-1.0,1.0,0.317040821260328,-2.253594097993808
-1.0,-1.0,-0.6798888474113254,-0.6852897467511185,0.7622380449015693,0.775572274726124,-0.676180182325336
-1.0,-0.1416475923235866,-0.23653307530910483,-0.1673509273397148,-1.0,0.4421646914242139,-4.059860723723029
-1.0,0.0330089085123666,-1.0,-1.0,0.22579726033864483,0.4425472487952539,-0.9100577923906441
0.7576792001298984,0.24932591794483372,0.9050429997554648,1.0,-1.0,-1.0,7.217113289186398
-0.8155682499811614,-1.0,-0.7909414075003569,-1.0,0.7455974723029699,-0.674955385344323,-0.06548698231895794
1.0,1.0,0.017073665830308116,1.0,0.12726309484121068,0.8001050690657205,1.319935012992229
-1.0,0.21830188386123497,-0.8596567072161134,-1.0,-1.0,-1.0,-0.5115839284490172
0.8992593784123333,1.0,0.9610208599480687,-0.631559601391908,0.28502505138316026,1.0,-2.3288598736042494
-0.922530256930654,-1.0,0.22595867994949198,0.17249430035108032,-0.2733344254279688,1.0,0.06187151026435045
0.31722986885846427,-1.0,0.004615000234595046,-1.0,-0.3870572904738192,-1.0,7.790788799146984
0.9568420234191353,0.1052868060650034,-0.9011876538169474,-0.8999122697410009,0.9919250766186802,1.0,-0.3595899252622673
-0.7393770096583809,0.9535825816529051,-0.25286294454093916,-0.4352482363664585,-1.0,-1.0,-1.1489648235617034
1.0,0.7585395574389591,-0.6346944424930419,0.4029229227507265,1.0,0.5214233118471756,-2.4910584245065923
-0.7402372390859548,-0.5544559245878284,0.47855213359639426,0.5112512937017202,-0.0017738851369319963,0.611211362882779,-0.2896520118001372
-0.2064326112047551,-1.0,-0.3179304263646212,-0.4954042444973057,-0.453354942154676,0.09342825086829698,-0.6769192764799888
1.0,1.0,1.0,-0.016351286561308243,1.0,1.0,-5.423861946569699
0.8947328794908143,1.0,1.0,0.222181398317012,-1.0,-0.6251816092270625,1.9790134386150273
-1.0,-1.0,-0.3240036853098182,0.4486278668567577,-0.29838917601790355,-0.31133560314954223,-1.7367258898865194
0.6176837609658928,1.0,0.8424206784427691,0.08842770735744099,-0.4963674822915902,-0.8870701128498305,1.0157257080065696
-1.0,0.36829810889025505,0.38309229168737147,-1.0,-1.0,-1.0,-1.2378192575152127
1.0,1.0,1.0,0.3236413046192419,-0.8721173981885411,-0.9442734920312474,2.9680555243503024
